-- phpMyAdmin SQL Dump
-- version 4.9.0.1
-- https://www.phpmyadmin.net/
--
-- Servidor: 127.0.0.1
-- Tiempo de generación: 09-07-2019 a las 03:40:16
-- Versión del servidor: 10.3.15-MariaDB
-- Versión de PHP: 7.3.6

SET SQL_MODE = "NO_AUTO_VALUE_ON_ZERO";
SET AUTOCOMMIT = 0;
START TRANSACTION;
SET time_zone = "+00:00";


/*!40101 SET @OLD_CHARACTER_SET_CLIENT=@@CHARACTER_SET_CLIENT */;
/*!40101 SET @OLD_CHARACTER_SET_RESULTS=@@CHARACTER_SET_RESULTS */;
/*!40101 SET @OLD_COLLATION_CONNECTION=@@COLLATION_CONNECTION */;
/*!40101 SET NAMES utf8mb4 */;

--
-- Base de datos: `proyectohoramedica`
--

-- --------------------------------------------------------

--
-- Estructura de tabla para la tabla `tcentromedico`
--

CREATE TABLE `tcentromedico` (
  `idcentromedico` int(11) NOT NULL,
  `centro` varchar(200) COLLATE utf8mb4_spanish2_ci DEFAULT NULL,
  `iddirecion` int(11) NOT NULL
) ENGINE=InnoDB DEFAULT CHARSET=utf8mb4 COLLATE=utf8mb4_spanish2_ci;

--
-- Volcado de datos para la tabla `tcentromedico`
--

INSERT INTO `tcentromedico` (`idcentromedico`, `centro`, `iddirecion`) VALUES
(1, 'Centro Medico Santiago', 8),
(2, 'Centro Medico Providencia', 7),
(3, 'Centro Medico Estacion Central', 10);

-- --------------------------------------------------------

--
-- Estructura de tabla para la tabla `tcentromedicodoctor`
--

CREATE TABLE `tcentromedicodoctor` (
  `rut` varchar(12) COLLATE utf8mb4_spanish2_ci NOT NULL,
  `idcentomedico` int(11) NOT NULL,
  `idtrabaja` int(11) NOT NULL
) ENGINE=InnoDB DEFAULT CHARSET=utf8mb4 COLLATE=utf8mb4_spanish2_ci;

--
-- Volcado de datos para la tabla `tcentromedicodoctor`
--

INSERT INTO `tcentromedicodoctor` (`rut`, `idcentomedico`, `idtrabaja`) VALUES
('4456068-2', 1, 1),
('5177566-k', 2, 2),
('5651396-5', 3, 3),
('6051135-7', 2, 4),
('6743386-6', 1, 5),
('9632340-9', 2, 6),
('9632340-9', 3, 7),
('10028401-4', 2, 8),
('10167655-2', 1, 9),
('12037676-4', 3, 10),
('16639732-4', 2, 11),
('22620478-4', 1, 12);

-- --------------------------------------------------------

--
-- Estructura de tabla para la tabla `tcomuna`
--

CREATE TABLE `tcomuna` (
  `idcomuna` int(11) NOT NULL,
  `comuna` varchar(300) COLLATE utf8mb4_spanish2_ci DEFAULT NULL,
  `idregion` int(11) DEFAULT NULL
) ENGINE=InnoDB DEFAULT CHARSET=utf8mb4 COLLATE=utf8mb4_spanish2_ci;

--
-- Volcado de datos para la tabla `tcomuna`
--

INSERT INTO `tcomuna` (`idcomuna`, `comuna`, `idregion`) VALUES
(1, 'Arica', 1),
(2, 'Camarones', 1),
(3, 'General Lagos', 1),
(4, 'Putre', 1),
(5, 'Alto Hospicio', 2),
(6, 'Iquique', 2),
(7, 'Camiña', 2),
(8, 'Colchane', 2),
(9, 'Huara', 2),
(10, 'Pica', 2),
(11, 'Pozo Almonte', 2),
(12, 'Antofagasta', 3),
(13, 'Mejillones', 3),
(14, 'Sierra Gorda', 3),
(15, 'Taltal', 3),
(16, 'Calama', 3),
(17, 'Ollague', 3),
(18, 'San Pedro de Atacama', 3),
(19, 'María Elena', 3),
(20, 'Tocopilla', 3),
(21, 'Chañaral', 4),
(22, 'Diego de Almagro', 4),
(23, 'Caldera', 4),
(24, 'Copiapó', 4),
(25, 'Tierra Amarilla', 4),
(26, 'Alto del Carmen', 4),
(27, 'Freirina', 4),
(28, 'Huasco', 4),
(29, 'Vallenar', 4),
(30, 'Canela', 5),
(31, 'Illapel', 5),
(32, 'Los Vilos', 5),
(33, 'Salamanca', 5),
(34, 'Andacollo', 5),
(35, 'Coquimbo', 5),
(36, 'La Higuera', 5),
(37, 'La Serena', 5),
(38, 'Paihuaco', 5),
(39, 'Vicuña', 5),
(40, 'Combarbalá', 5),
(41, 'Monte Patria', 5),
(42, 'Ovalle', 5),
(43, 'Punitaqui', 5),
(44, 'Río Hurtado', 6),
(45, 'Isla de Pascua', 6),
(46, 'Calle Larga', 6),
(47, 'Los Andes', 6),
(48, 'Rinconada', 6),
(49, 'San Esteban', 6),
(50, 'La Ligua', 6),
(51, 'Papudo', 6),
(52, 'Petorca', 6),
(53, 'Zapallar', 6),
(54, 'Hijuelas', 6),
(55, 'La Calera', 6),
(56, 'La Cruz', 6),
(57, 'Limache', 6),
(58, 'Nogales', 6),
(59, 'Olmué', 6),
(60, 'Quillota', 6),
(61, 'Algarrobo', 6),
(62, 'Cartagena', 6),
(63, 'El Quisco', 6),
(64, 'El Tabo', 6),
(65, 'San Antonio', 6),
(66, 'Santo Domingo', 6),
(67, 'Catemu', 6),
(68, 'Llaillay', 6),
(69, 'Panquehue', 6),
(70, 'Putaendo', 6),
(71, 'San Felipe', 6),
(72, 'Santa María', 6),
(73, 'Casablanca', 6),
(74, 'Concón', 6),
(75, 'Juan Fernández', 6),
(76, 'Puchuncaví', 6),
(77, 'Quilpué', 6),
(78, 'Quintero', 6),
(79, 'Valparaíso', 6),
(80, 'Villa Alemana', 6),
(81, 'Viña del Mar', 6),
(82, 'Colina', 7),
(83, 'Lampa', 7),
(84, 'Tiltil', 7),
(85, 'Pirque', 7),
(86, 'Puente Alto', 7),
(87, 'San José de Maipo', 7),
(88, 'Buin', 7),
(89, 'Calera de Tango', 7),
(90, 'Paine', 7),
(91, 'San Bernardo', 7),
(92, 'Alhué', 7),
(93, 'Curacaví', 7),
(94, 'María Pinto', 7),
(95, 'Melipilla', 7),
(96, 'San Pedro', 7),
(97, 'Cerrillos', 7),
(98, 'Cerro Navia', 7),
(99, 'Conchalí', 7),
(100, 'El Bosque', 7),
(101, 'Estación Central', 7),
(102, 'Huechuraba', 7),
(103, 'Independencia', 7),
(104, 'La Cisterna', 7),
(105, 'La Granja', 7),
(106, 'La Florida', 7),
(107, 'La Pintana', 7),
(108, 'La Reina', 7),
(109, 'Las Condes', 7),
(110, 'Lo Barnechea', 7),
(111, 'Lo Espejo', 7),
(112, 'Lo Prado', 7),
(113, 'Macul', 7),
(114, 'Maipú', 7),
(115, 'Ñuñoa', 7),
(116, 'Pedro Aguirre Cerda', 7),
(117, 'Peñalolén', 7),
(118, 'Providencia', 7),
(119, 'Pudahuel', 7),
(120, 'Quilicura', 7),
(121, 'Quinta Normal', 7),
(122, 'Recoleta', 7),
(123, 'Renca', 7),
(124, 'San Miguel', 7),
(125, 'San Joaquín', 7),
(126, 'San Ramón', 7),
(127, 'Santiago', 7),
(128, 'Vitacura', 7),
(129, 'El Monte', 7),
(130, 'Isla de Maipo', 7),
(131, 'Padre Hurtado', 7),
(132, 'Peñaflor', 7),
(133, 'Talagante', 7),
(134, 'Codegua', 8),
(135, 'Coínco', 8),
(136, 'Coltauco', 8),
(137, 'Doñihue', 8),
(138, 'Graneros', 8),
(139, 'Las Cabras', 8),
(140, 'Machalí', 8),
(141, 'Malloa', 8),
(142, 'Mostazal', 8),
(143, 'Olivar', 8),
(144, 'Peumo', 8),
(145, 'Pichidegua', 8),
(146, 'Quinta de Tilcoco', 8),
(147, 'Rancagua', 8),
(148, 'Rengo', 8),
(149, 'Requínoa', 8),
(150, 'San Vicente de Tagua Tagua', 8),
(151, 'La Estrella', 8),
(152, 'Litueche', 8),
(153, 'Marchihue', 8),
(154, 'Navidad', 8),
(155, 'Peredones', 8),
(156, 'Pichilemu', 8),
(157, 'Chépica', 8),
(158, 'Chimbarongo', 8),
(159, 'Lolol', 8),
(160, 'Nancagua', 8),
(161, 'Palmilla', 8),
(162, 'Peralillo', 8),
(163, 'Placilla', 8),
(164, 'Pumanque', 8),
(165, 'San Fernando', 8),
(166, 'Santa Cruz', 8),
(167, 'Cauquenes', 9),
(168, 'Chanco', 9),
(169, 'Pelluhue', 9),
(170, 'Curicó', 9),
(171, 'Hualañé', 9),
(172, 'Licantén', 9),
(173, 'Molina', 9),
(174, 'Rauco', 9),
(175, 'Romeral', 9),
(176, 'Sagrada Familia', 9),
(177, 'Teno', 9),
(178, 'Vichuquén', 9),
(179, 'Colbún', 9),
(180, 'Linares', 9),
(181, 'Longaví', 9),
(182, 'Parral', 9),
(183, 'Retiro', 9),
(184, 'San Javier', 9),
(185, 'Villa Alegre', 9),
(186, 'Yerbas Buenas', 9),
(187, 'Constitución', 9),
(188, 'Curepto', 9),
(189, 'Empedrado', 9),
(190, 'Maule', 9),
(191, 'Pelarco', 9),
(192, 'Pencahue', 9),
(193, 'Río Claro', 9),
(194, 'San Clemente', 9),
(195, 'San Rafael', 9),
(196, 'Talca', 9),
(197, 'Arauco', 9),
(198, 'Cañete', 10),
(199, 'Contulmo', 10),
(200, 'Curanilahue', 10),
(201, 'Lebu', 10),
(202, 'Los Álamos', 10),
(203, 'Tirúa', 10),
(204, 'Alto Biobío', 10),
(205, 'Antuco', 10),
(206, 'Cabrero', 10),
(207, 'Laja', 10),
(208, 'Los Ángeles', 10),
(209, 'Mulchén', 10),
(210, 'Nacimiento', 10),
(211, 'Negrete', 10),
(212, 'Quilaco', 10),
(213, 'Quilleco', 10),
(214, 'San Rosendo', 10),
(215, 'Santa Bárbara', 10),
(216, 'Tucapel', 10),
(217, 'Yumbel', 10),
(218, 'Chiguayante', 10),
(219, 'Concepción', 10),
(220, 'Coronel', 11),
(221, 'Florida', 11),
(222, 'Hualpén', 11),
(223, 'Hualqui', 11),
(224, 'Lota', 11),
(225, 'Penco', 11),
(226, 'San Pedro de La Paz', 11),
(227, 'Santa Juana', 11),
(228, 'Talcahuano', 11),
(229, 'Tomé', 11),
(230, 'Bulnes', 11),
(231, 'Chillán', 11),
(232, 'Chillán Viejo', 11),
(233, 'Cobquecura', 11),
(234, 'Coelemu', 11),
(235, 'Coihueco', 11),
(236, 'El Carmen', 11),
(237, 'Ninhue', 11),
(238, 'Ñiquen', 11),
(239, 'Pemuco', 11),
(240, 'Pinto', 11),
(241, 'Portezuelo', 11),
(242, 'Quillón', 11),
(243, 'Quirihue', 11),
(244, 'Ránquil', 11),
(245, 'San Carlos', 11),
(246, 'San Fabián', 11),
(247, 'San Ignacio', 11),
(248, 'San Nicolás', 11),
(249, 'Treguaco', 11),
(250, 'Yungay', 11),
(251, 'Carahue', 11),
(252, 'Cholchol', 11),
(253, 'Cunco', 12),
(254, 'Curarrehue', 12),
(255, 'Freire', 12),
(256, 'Galvarino', 12),
(257, 'Gorbea', 12),
(258, 'Lautaro', 12),
(259, 'Loncoche', 12),
(260, 'Melipeuco', 12),
(261, 'Nueva Imperial', 12),
(262, 'Padre Las Casas', 12),
(263, 'Perquenco', 12),
(264, 'Pitrufquén', 12),
(265, 'Pucón', 12),
(266, 'Saavedra', 12),
(267, 'Temuco', 12),
(268, 'Teodoro Schmidt', 12),
(269, 'Toltén', 12),
(270, 'Vilcún', 12),
(271, 'Villarrica', 12),
(272, 'Angol', 12),
(273, 'Collipulli', 12),
(274, 'Curacautín', 12),
(275, 'Ercilla', 12),
(276, 'Lonquimay', 12),
(277, 'Los Sauces', 12),
(278, 'Lumaco', 12),
(279, 'Purén', 12),
(280, 'Renaico', 12),
(281, 'Traiguén', 12),
(282, 'Victoria', 12),
(283, 'Corral', 12),
(284, 'Lanco', 12),
(285, 'Los Lagos', 12),
(286, 'Máfil', 13),
(287, 'Mariquina', 13),
(288, 'Paillaco', 13),
(289, 'Panguipulli', 13),
(290, 'Valdivia', 13),
(291, 'Futrono', 13),
(292, 'La Unión', 13),
(293, 'Lago Ranco', 13),
(294, 'Río Bueno', 13),
(295, 'Ancud', 13),
(296, 'Castro', 13),
(297, 'Chonchi', 13),
(298, 'Curaco de Vélez', 13),
(299, 'Dalcahue', 14),
(300, 'Puqueldón', 14),
(301, 'Queilén', 14),
(302, 'Quemchi', 14),
(303, 'Quellón', 14),
(304, 'Quinchao', 14),
(305, 'Calbuco', 14),
(306, 'Cochamó', 14),
(307, 'Fresia', 14),
(308, 'Frutillar', 14),
(309, 'Llanquihue', 14),
(310, 'Los Muermos', 14),
(311, 'Maullín', 14),
(312, 'Puerto Montt', 14),
(313, 'Puerto Varas', 14),
(314, 'Osorno', 14),
(315, 'Puero Octay', 14),
(316, 'Purranque', 14),
(317, 'Puyehue', 14),
(318, 'Río Negro', 14),
(319, 'San Juan de la Costa', 14),
(320, 'San Pablo', 14),
(321, 'Chaitén', 14),
(322, 'Futaleufú', 14),
(323, 'Hualaihué', 14),
(324, 'Palena', 14),
(325, 'Aisén', 14),
(326, 'Cisnes', 14),
(327, 'Guaitecas', 14),
(328, 'Cochrane', 14),
(329, 'O\'higgins', 14),
(330, 'Tortel', 15),
(331, 'Coihaique', 15),
(332, 'Lago Verde', 15),
(333, 'Chile Chico', 15),
(334, 'Río Ibáñez', 15),
(335, 'Antártica', 15),
(336, 'Cabo de Hornos', 15),
(337, 'Laguna Blanca', 15),
(338, 'Punta Arenas', 15),
(339, 'Río Verde', 15),
(340, 'San Gregorio', 16),
(341, 'Porvenir', 16),
(342, 'Primavera', 16),
(343, 'Timaukel', 16),
(344, 'Natales', 16),
(345, 'Torres del Paine', 16);

-- --------------------------------------------------------

--
-- Estructura de tabla para la tabla `tdireccion`
--

CREATE TABLE `tdireccion` (
  `iddireccion` int(11) NOT NULL,
  `numerocasa` varchar(100) COLLATE utf8mb4_spanish2_ci NOT NULL,
  `calle` varchar(100) COLLATE utf8mb4_spanish2_ci DEFAULT NULL,
  `idcomuna` int(11) NOT NULL
) ENGINE=InnoDB DEFAULT CHARSET=utf8mb4 COLLATE=utf8mb4_spanish2_ci;

--
-- Volcado de datos para la tabla `tdireccion`
--

INSERT INTO `tdireccion` (`iddireccion`, `numerocasa`, `calle`, `idcomuna`) VALUES
(4, '1380', 'Walker Martínez ', 106),
(5, '3349', 'Mar Tirreno', 117),
(6, '3054 local 201a 211 Balcon', 'Irarrázaval', 115),
(7, '496', 'Quebec ', 118),
(8, '1558', 'Nataniel Cox', 127),
(9, '3466', 'Av Libertador Bernardo O\'Higgins', 127),
(10, '1620', 'Avda Liber Bernardo O`Higgins', 101),
(35, '234', 'natalino', 1),
(36, '4456', 'san martin', 4);

-- --------------------------------------------------------

--
-- Estructura de tabla para la tabla `tdisponibilidad`
--

CREATE TABLE `tdisponibilidad` (
  `iddisponibilidad` int(11) NOT NULL,
  `idfechahora` int(11) NOT NULL,
  `idtrabaja` int(11) NOT NULL,
  `idstatus` int(11) NOT NULL
) ENGINE=InnoDB DEFAULT CHARSET=utf8 COLLATE=utf8_spanish2_ci;

--
-- Volcado de datos para la tabla `tdisponibilidad`
--

INSERT INTO `tdisponibilidad` (`iddisponibilidad`, `idfechahora`, `idtrabaja`, `idstatus`) VALUES
(1, 11, 1, 3),
(2, 11, 2, 3),
(3, 11, 3, 3),
(4, 11, 4, 3),
(5, 11, 5, 3),
(6, 11, 6, 3),
(7, 11, 7, 3),
(8, 11, 8, 3),
(9, 11, 9, 3),
(10, 11, 10, 3),
(11, 11, 11, 3),
(12, 11, 12, 3),
(13, 12, 1, 3),
(14, 12, 2, 3),
(15, 12, 3, 3),
(16, 12, 4, 3),
(17, 12, 5, 3),
(18, 12, 6, 3),
(19, 12, 7, 3),
(20, 12, 8, 3),
(21, 12, 9, 3),
(22, 12, 10, 3),
(23, 12, 11, 3),
(24, 12, 12, 3),
(25, 13, 1, 3),
(26, 13, 2, 3),
(27, 13, 3, 3),
(28, 13, 4, 3),
(29, 13, 5, 3),
(30, 13, 6, 3),
(31, 13, 7, 3),
(32, 13, 8, 3),
(33, 13, 9, 3),
(34, 13, 10, 3),
(35, 13, 11, 3),
(36, 13, 12, 3),
(37, 14, 1, 3),
(38, 14, 2, 3),
(39, 14, 3, 3),
(40, 14, 4, 3),
(41, 14, 5, 3),
(42, 14, 6, 3),
(43, 14, 7, 3),
(44, 14, 8, 3),
(45, 14, 9, 3),
(46, 14, 10, 3),
(47, 14, 11, 3),
(48, 14, 12, 3),
(49, 15, 1, 3),
(50, 15, 2, 3),
(51, 15, 3, 3),
(52, 15, 4, 3),
(53, 15, 5, 3),
(54, 15, 6, 3),
(55, 15, 7, 3),
(56, 15, 8, 3),
(57, 15, 9, 3),
(58, 15, 10, 3),
(59, 15, 11, 3),
(60, 15, 12, 3),
(61, 16, 1, 3),
(62, 16, 2, 3),
(63, 16, 3, 3),
(64, 16, 4, 3),
(65, 16, 5, 3),
(66, 16, 6, 3),
(67, 16, 7, 3),
(68, 16, 8, 3),
(69, 16, 9, 3),
(70, 16, 10, 3),
(71, 16, 11, 3),
(72, 16, 12, 3),
(73, 17, 1, 3),
(74, 17, 2, 3),
(75, 17, 3, 3),
(76, 17, 4, 3),
(77, 17, 5, 3),
(78, 17, 6, 3),
(79, 17, 7, 3),
(80, 17, 8, 3),
(81, 17, 9, 3),
(82, 17, 10, 3),
(83, 17, 11, 3),
(84, 17, 12, 3),
(85, 18, 1, 3),
(86, 18, 2, 3),
(87, 18, 3, 3),
(88, 18, 4, 3),
(89, 18, 5, 3),
(90, 18, 6, 3),
(91, 18, 7, 3),
(92, 18, 8, 3),
(93, 18, 9, 3),
(94, 18, 10, 3),
(95, 18, 11, 3),
(96, 18, 12, 3),
(97, 19, 1, 3),
(98, 19, 2, 3),
(99, 19, 3, 3),
(100, 19, 4, 3),
(101, 19, 5, 3),
(102, 19, 6, 3),
(103, 19, 7, 3),
(104, 19, 8, 3),
(105, 19, 9, 3),
(106, 19, 10, 3),
(107, 19, 11, 3),
(108, 19, 12, 3),
(109, 20, 1, 3),
(110, 20, 2, 3),
(111, 20, 3, 3),
(112, 20, 4, 3),
(113, 20, 5, 3),
(114, 20, 6, 3),
(115, 20, 7, 3),
(116, 20, 8, 3),
(117, 20, 9, 3),
(118, 20, 10, 3),
(119, 20, 11, 3),
(120, 20, 12, 3),
(121, 21, 1, 3),
(122, 21, 2, 3),
(123, 21, 3, 3),
(124, 21, 4, 3),
(125, 21, 5, 3),
(126, 21, 6, 3),
(127, 21, 7, 3),
(128, 21, 8, 3),
(129, 21, 9, 3),
(130, 21, 10, 3),
(131, 21, 11, 3),
(132, 21, 12, 3),
(133, 22, 1, 3),
(134, 22, 2, 3),
(135, 22, 3, 3),
(136, 22, 4, 3),
(137, 22, 5, 3),
(138, 22, 6, 3),
(139, 22, 7, 3),
(140, 22, 8, 3),
(141, 22, 9, 3),
(142, 22, 10, 3),
(143, 22, 11, 3),
(144, 22, 12, 3),
(145, 23, 1, 3),
(146, 23, 2, 3),
(147, 23, 3, 3),
(148, 23, 4, 3),
(149, 23, 5, 3),
(150, 23, 6, 3),
(151, 23, 7, 3),
(152, 23, 8, 3),
(153, 23, 9, 3),
(154, 23, 10, 3),
(155, 23, 11, 3),
(156, 23, 12, 3),
(157, 24, 2, 3),
(158, 24, 3, 3),
(159, 24, 4, 3),
(160, 24, 5, 3),
(161, 24, 6, 3),
(162, 24, 7, 3),
(163, 24, 8, 3),
(164, 24, 9, 3),
(165, 24, 10, 3),
(166, 24, 11, 3),
(167, 24, 12, 3),
(168, 25, 1, 3),
(169, 25, 2, 3),
(170, 25, 3, 3),
(171, 25, 4, 3),
(172, 25, 5, 3),
(173, 25, 6, 3),
(174, 25, 7, 3),
(175, 25, 8, 3),
(176, 25, 9, 3),
(177, 25, 10, 3),
(178, 25, 11, 3),
(179, 25, 12, 3),
(180, 26, 1, 3),
(181, 26, 2, 3),
(182, 26, 3, 3),
(183, 26, 4, 3),
(184, 26, 5, 3),
(185, 26, 6, 3),
(186, 26, 7, 3),
(187, 26, 8, 3),
(188, 26, 9, 3),
(189, 26, 10, 3),
(190, 26, 11, 3),
(191, 26, 12, 3),
(192, 27, 1, 3),
(193, 27, 2, 3),
(194, 27, 3, 3),
(195, 27, 4, 3),
(196, 27, 5, 3),
(197, 27, 6, 3),
(198, 27, 7, 3),
(199, 27, 8, 3),
(200, 27, 9, 3),
(201, 27, 10, 3),
(202, 27, 11, 3),
(203, 27, 12, 3),
(204, 28, 1, 3),
(205, 28, 2, 3),
(206, 28, 3, 3),
(207, 24, 1, 3),
(208, 24, 2, 3),
(209, 24, 3, 3),
(210, 24, 4, 3),
(211, 24, 5, 3),
(212, 24, 6, 3),
(213, 24, 7, 3),
(214, 24, 8, 3),
(215, 24, 9, 3),
(216, 24, 10, 3),
(217, 24, 11, 3),
(218, 24, 12, 3),
(219, 25, 1, 3),
(220, 25, 2, 3),
(221, 25, 3, 3),
(222, 25, 4, 3),
(223, 25, 5, 3),
(224, 25, 6, 3),
(225, 25, 7, 3),
(226, 25, 8, 3),
(227, 25, 9, 3),
(228, 25, 10, 3),
(229, 25, 11, 3),
(230, 25, 12, 3),
(231, 26, 1, 3),
(232, 26, 2, 3),
(233, 26, 3, 3),
(234, 26, 4, 3),
(235, 26, 5, 3),
(236, 26, 6, 3),
(237, 26, 7, 3),
(238, 26, 8, 3),
(239, 26, 9, 3),
(240, 26, 10, 3),
(241, 26, 11, 3),
(242, 26, 12, 3),
(243, 27, 1, 3),
(244, 27, 2, 3),
(245, 27, 3, 3),
(246, 27, 4, 3),
(247, 27, 5, 3),
(248, 27, 6, 3),
(249, 27, 7, 3),
(250, 27, 8, 3),
(251, 27, 9, 3),
(252, 27, 10, 3),
(253, 27, 11, 3),
(254, 27, 12, 3),
(255, 28, 1, 3),
(256, 28, 2, 3),
(257, 28, 3, 3),
(258, 28, 4, 3),
(259, 28, 5, 3),
(260, 28, 6, 3),
(261, 28, 7, 3),
(262, 28, 8, 3),
(263, 28, 9, 3),
(264, 28, 10, 3),
(265, 28, 11, 3),
(266, 28, 12, 3),
(267, 29, 1, 3),
(268, 29, 2, 3),
(269, 29, 3, 3),
(270, 29, 4, 3),
(271, 29, 5, 3),
(272, 29, 6, 3),
(273, 29, 7, 3),
(274, 29, 8, 3),
(275, 29, 9, 3),
(276, 29, 10, 3),
(277, 29, 11, 3),
(278, 29, 12, 3),
(279, 30, 1, 3),
(280, 30, 2, 3),
(281, 30, 3, 3),
(282, 30, 4, 3),
(283, 30, 5, 3),
(284, 30, 6, 3),
(285, 30, 7, 3),
(286, 30, 8, 3),
(287, 30, 9, 3),
(288, 30, 10, 3),
(289, 30, 11, 3),
(290, 30, 12, 3),
(291, 31, 1, 3),
(292, 31, 2, 3),
(293, 31, 3, 3),
(294, 31, 4, 3),
(295, 31, 5, 3),
(296, 31, 6, 3),
(297, 31, 7, 3),
(298, 31, 8, 3),
(299, 31, 9, 3),
(300, 31, 10, 3),
(301, 31, 11, 3),
(302, 31, 12, 3),
(303, 32, 1, 3),
(304, 32, 2, 3),
(305, 32, 3, 3),
(306, 32, 4, 3),
(307, 32, 5, 3),
(308, 32, 6, 3),
(309, 32, 7, 3),
(310, 32, 8, 3),
(311, 32, 9, 3),
(312, 32, 10, 3),
(313, 32, 11, 3),
(314, 32, 12, 3),
(315, 33, 1, 3),
(316, 33, 2, 3),
(317, 33, 3, 3),
(318, 33, 4, 3),
(319, 33, 5, 3),
(320, 33, 6, 3),
(321, 33, 7, 3),
(322, 33, 8, 3),
(323, 33, 9, 3),
(324, 33, 10, 3),
(325, 33, 11, 3),
(326, 33, 12, 3),
(327, 34, 1, 3),
(328, 34, 2, 3),
(329, 34, 3, 3),
(330, 34, 4, 3),
(331, 34, 5, 3),
(332, 34, 6, 3),
(333, 34, 7, 3),
(334, 34, 8, 3),
(335, 34, 9, 3),
(336, 34, 10, 3),
(337, 34, 11, 3),
(338, 34, 12, 3),
(339, 35, 1, 3),
(340, 35, 2, 3),
(341, 35, 3, 3),
(342, 35, 4, 3),
(343, 35, 5, 3),
(344, 35, 6, 3),
(345, 35, 7, 3),
(346, 35, 8, 3),
(347, 35, 9, 3),
(348, 35, 10, 3),
(349, 35, 11, 3),
(350, 35, 12, 3),
(351, 36, 1, 3),
(352, 36, 2, 3),
(353, 36, 3, 3),
(354, 36, 4, 3),
(355, 36, 5, 3),
(356, 36, 6, 3),
(357, 36, 7, 3),
(358, 36, 8, 3),
(359, 36, 9, 3),
(360, 36, 10, 3),
(361, 36, 11, 3),
(362, 36, 12, 3),
(363, 37, 1, 3),
(364, 37, 2, 3),
(365, 37, 3, 3),
(366, 37, 4, 3),
(367, 37, 5, 3),
(368, 37, 6, 3),
(369, 37, 7, 3),
(370, 37, 8, 3),
(371, 37, 9, 3),
(372, 37, 10, 3),
(373, 37, 11, 3),
(374, 37, 12, 3),
(375, 38, 1, 3),
(376, 38, 2, 3),
(377, 38, 3, 3),
(378, 38, 4, 3),
(379, 38, 5, 3),
(380, 38, 6, 3),
(381, 38, 7, 3),
(382, 38, 8, 3),
(383, 38, 9, 3),
(384, 38, 10, 3),
(385, 38, 11, 3),
(386, 38, 12, 3),
(387, 39, 1, 3),
(388, 39, 2, 3),
(389, 39, 3, 3),
(390, 39, 4, 3),
(391, 39, 5, 3),
(392, 39, 6, 3),
(393, 39, 7, 3),
(394, 39, 8, 3),
(395, 39, 9, 3),
(396, 39, 10, 3),
(397, 39, 11, 3),
(398, 39, 12, 3),
(399, 40, 1, 3),
(400, 40, 2, 3),
(401, 40, 3, 3),
(402, 40, 4, 3),
(403, 40, 5, 3),
(404, 40, 6, 3),
(405, 40, 7, 3),
(406, 40, 8, 3),
(407, 40, 9, 3),
(408, 40, 10, 3),
(409, 40, 11, 3),
(410, 40, 12, 3),
(411, 41, 1, 3),
(412, 41, 2, 3),
(413, 41, 3, 3),
(414, 41, 4, 3),
(415, 41, 5, 3),
(416, 41, 6, 3),
(417, 41, 7, 3),
(418, 41, 8, 3),
(419, 41, 9, 3),
(420, 41, 10, 3),
(421, 41, 11, 3),
(422, 41, 12, 3),
(423, 42, 1, 3),
(424, 42, 2, 3),
(425, 42, 3, 3),
(426, 42, 4, 3),
(427, 42, 5, 3),
(428, 42, 6, 3),
(429, 42, 7, 3),
(430, 42, 8, 3),
(431, 42, 9, 3),
(432, 42, 10, 3),
(433, 42, 11, 3),
(434, 42, 12, 3),
(435, 43, 1, 3),
(436, 43, 2, 3),
(437, 43, 3, 3),
(438, 43, 4, 3),
(439, 43, 5, 3),
(440, 43, 6, 3),
(441, 43, 7, 3),
(442, 43, 8, 3),
(443, 43, 9, 3),
(444, 43, 10, 3),
(445, 43, 11, 3),
(446, 43, 12, 3),
(522, 44, 1, 3),
(523, 44, 2, 3),
(524, 44, 3, 3),
(525, 44, 4, 3),
(526, 44, 5, 3),
(527, 44, 6, 3),
(528, 44, 7, 3),
(529, 44, 8, 3),
(530, 44, 9, 3),
(531, 44, 10, 3),
(532, 44, 11, 3),
(533, 44, 12, 3),
(534, 45, 1, 3),
(535, 45, 2, 3),
(536, 45, 3, 3),
(537, 45, 4, 3),
(538, 45, 5, 3),
(539, 45, 6, 3),
(540, 45, 7, 3),
(541, 45, 8, 3),
(542, 45, 9, 3),
(543, 45, 10, 3),
(544, 45, 11, 3),
(545, 45, 12, 3),
(546, 46, 1, 3),
(547, 46, 2, 3),
(548, 46, 3, 3),
(549, 46, 4, 3),
(550, 46, 5, 3),
(551, 46, 6, 3),
(552, 46, 7, 3),
(553, 46, 8, 3),
(554, 46, 9, 3),
(555, 46, 10, 3),
(556, 46, 11, 3),
(557, 46, 12, 3),
(558, 47, 1, 3),
(559, 47, 2, 3),
(560, 47, 3, 3),
(561, 47, 4, 3),
(562, 47, 5, 3),
(563, 47, 6, 3),
(564, 47, 7, 3),
(565, 47, 8, 3),
(566, 47, 9, 3),
(567, 47, 10, 3),
(568, 47, 11, 3),
(569, 47, 12, 3),
(570, 48, 1, 3),
(571, 48, 2, 3),
(572, 48, 3, 3),
(573, 48, 4, 3),
(574, 48, 5, 3),
(575, 48, 6, 3),
(576, 48, 7, 3),
(577, 48, 8, 3),
(578, 48, 9, 3),
(579, 48, 10, 3),
(580, 48, 11, 3),
(581, 48, 12, 3),
(582, 49, 1, 3),
(583, 49, 2, 3),
(584, 49, 3, 3),
(585, 49, 4, 3),
(586, 49, 5, 3),
(587, 49, 6, 3),
(588, 49, 7, 3),
(589, 49, 8, 3),
(590, 49, 9, 3),
(591, 49, 10, 3),
(592, 49, 11, 3),
(593, 49, 12, 3),
(594, 50, 1, 3),
(595, 50, 2, 3),
(596, 50, 3, 3),
(597, 50, 4, 3),
(598, 50, 5, 3),
(599, 50, 6, 3),
(600, 50, 7, 3),
(601, 50, 8, 3),
(602, 50, 9, 3),
(603, 50, 10, 3),
(604, 50, 11, 3),
(605, 50, 12, 3),
(606, 51, 1, 3),
(607, 51, 2, 3),
(608, 51, 3, 3),
(609, 51, 4, 3),
(610, 51, 5, 3),
(611, 51, 6, 3),
(612, 51, 7, 3),
(613, 51, 8, 3),
(614, 51, 9, 3),
(615, 51, 10, 3),
(616, 51, 11, 3),
(617, 51, 12, 3),
(618, 52, 1, 3),
(619, 52, 2, 3),
(620, 52, 3, 3),
(621, 52, 4, 3),
(622, 52, 5, 3),
(623, 52, 6, 3),
(624, 52, 7, 3),
(625, 52, 8, 3),
(626, 52, 9, 3),
(627, 52, 10, 3),
(628, 52, 11, 3),
(629, 52, 12, 3),
(630, 53, 1, 3),
(631, 53, 2, 3),
(632, 53, 3, 3),
(633, 53, 4, 3),
(634, 53, 5, 3),
(635, 53, 6, 3),
(636, 53, 7, 3),
(637, 53, 8, 3),
(638, 53, 9, 3),
(639, 53, 10, 3),
(640, 53, 11, 3),
(641, 53, 12, 3),
(642, 54, 1, 3),
(643, 54, 2, 3),
(644, 54, 3, 3),
(645, 54, 4, 3),
(646, 54, 5, 3),
(647, 54, 6, 3),
(648, 54, 7, 3),
(649, 54, 8, 3),
(650, 54, 9, 3),
(651, 54, 10, 3),
(652, 54, 11, 3),
(653, 54, 12, 3),
(654, 55, 1, 3),
(655, 55, 2, 3),
(656, 55, 3, 3),
(657, 55, 4, 3),
(658, 55, 5, 3),
(659, 55, 6, 3),
(660, 55, 7, 3),
(661, 55, 8, 3),
(662, 55, 9, 3),
(663, 55, 10, 3),
(664, 55, 11, 3),
(665, 55, 12, 3),
(666, 56, 1, 3),
(667, 56, 2, 3),
(668, 56, 3, 3),
(669, 56, 4, 3),
(670, 56, 5, 3),
(671, 56, 6, 3),
(672, 56, 7, 3),
(673, 56, 8, 3),
(674, 56, 9, 3),
(675, 56, 10, 3),
(676, 56, 11, 3),
(677, 56, 12, 3),
(678, 57, 1, 3),
(679, 57, 2, 3),
(680, 57, 3, 3),
(681, 57, 4, 3),
(682, 57, 5, 3),
(683, 57, 6, 3),
(684, 57, 7, 3),
(685, 57, 8, 3),
(686, 57, 9, 3),
(687, 57, 10, 3),
(688, 57, 11, 3),
(689, 57, 12, 3),
(690, 58, 1, 3),
(691, 58, 2, 3),
(692, 58, 3, 3),
(693, 58, 4, 3),
(694, 58, 5, 3),
(695, 58, 6, 3),
(696, 58, 7, 3),
(697, 58, 8, 3),
(698, 58, 9, 3),
(699, 58, 10, 3),
(700, 58, 11, 3),
(701, 58, 12, 3),
(702, 59, 1, 3),
(703, 59, 2, 3),
(704, 59, 3, 3),
(705, 59, 4, 3),
(706, 59, 5, 3),
(707, 59, 6, 3),
(708, 59, 7, 3),
(709, 59, 8, 3),
(710, 59, 9, 3),
(711, 59, 10, 3),
(712, 59, 11, 3),
(713, 59, 12, 3),
(714, 60, 1, 3),
(715, 60, 2, 3),
(716, 60, 3, 3),
(717, 60, 4, 3),
(718, 60, 5, 3),
(719, 60, 6, 3),
(720, 60, 7, 3),
(721, 60, 8, 3),
(722, 60, 9, 3),
(723, 60, 10, 3),
(724, 60, 11, 3),
(725, 60, 12, 3),
(726, 61, 1, 3),
(727, 61, 2, 3),
(728, 61, 3, 3),
(729, 61, 4, 3),
(730, 61, 5, 3),
(731, 61, 6, 3),
(732, 61, 7, 3),
(733, 61, 8, 3),
(734, 61, 9, 3),
(735, 61, 10, 3),
(736, 61, 11, 3),
(737, 61, 12, 3),
(738, 62, 1, 3),
(739, 62, 2, 3),
(740, 62, 3, 3),
(741, 62, 4, 3),
(742, 62, 5, 3),
(743, 62, 6, 3),
(744, 62, 7, 3),
(745, 62, 8, 3),
(746, 62, 9, 3),
(747, 62, 10, 3),
(748, 62, 11, 3),
(749, 62, 12, 3),
(750, 63, 1, 3),
(751, 63, 2, 3),
(752, 63, 3, 3),
(753, 63, 4, 3),
(754, 63, 5, 3),
(755, 63, 6, 3),
(756, 63, 7, 3),
(757, 63, 8, 3),
(758, 63, 9, 3),
(759, 63, 10, 3),
(760, 63, 11, 3),
(761, 63, 12, 3),
(762, 64, 1, 3),
(763, 64, 2, 3),
(764, 64, 3, 3),
(765, 64, 4, 3),
(766, 64, 5, 3),
(767, 64, 6, 3),
(768, 64, 7, 3),
(769, 64, 8, 3),
(770, 64, 9, 3),
(771, 64, 10, 3),
(772, 64, 11, 3),
(773, 64, 12, 3),
(774, 65, 1, 3),
(775, 65, 2, 3),
(776, 65, 3, 3),
(777, 65, 4, 3),
(778, 65, 5, 3),
(779, 65, 6, 3),
(780, 65, 7, 3),
(781, 65, 8, 3),
(782, 65, 9, 3),
(783, 65, 10, 3),
(784, 65, 11, 3),
(785, 65, 12, 3),
(786, 66, 1, 3),
(787, 66, 2, 3),
(788, 66, 3, 3),
(789, 66, 4, 3),
(790, 66, 5, 3),
(791, 66, 6, 3),
(792, 66, 7, 3),
(793, 66, 8, 3),
(794, 66, 9, 3),
(795, 66, 10, 3),
(796, 66, 11, 3),
(797, 66, 12, 3),
(798, 67, 1, 3),
(799, 67, 2, 3),
(800, 67, 3, 3),
(801, 67, 4, 3),
(802, 67, 5, 3),
(803, 67, 6, 3),
(804, 67, 7, 3),
(805, 67, 8, 3),
(806, 67, 9, 3),
(807, 67, 10, 3),
(808, 67, 11, 3),
(809, 67, 12, 3),
(810, 68, 1, 3),
(811, 68, 2, 3),
(812, 68, 3, 3),
(813, 68, 4, 3),
(814, 68, 5, 3),
(815, 68, 6, 3),
(816, 68, 7, 3),
(817, 68, 8, 3),
(818, 68, 9, 3),
(819, 68, 10, 3),
(820, 68, 11, 3),
(821, 68, 12, 3),
(822, 69, 1, 3),
(823, 69, 2, 3),
(824, 69, 3, 3),
(825, 69, 4, 3),
(826, 69, 5, 3),
(827, 69, 6, 3),
(828, 69, 7, 3),
(829, 69, 8, 3),
(830, 69, 9, 3),
(831, 69, 10, 3),
(832, 69, 11, 3),
(833, 69, 12, 3),
(834, 70, 1, 3),
(835, 70, 2, 3),
(836, 70, 3, 3),
(837, 70, 4, 3),
(838, 70, 5, 3),
(839, 70, 6, 3),
(840, 70, 7, 3),
(841, 70, 8, 3),
(842, 70, 9, 3),
(843, 70, 10, 3),
(844, 70, 11, 3),
(845, 70, 12, 3),
(846, 71, 1, 3),
(847, 71, 2, 3),
(848, 71, 3, 3),
(849, 71, 4, 3),
(850, 71, 5, 3),
(851, 71, 6, 3),
(852, 71, 7, 3),
(853, 71, 8, 3),
(854, 71, 9, 3),
(855, 71, 10, 3),
(856, 71, 11, 3),
(857, 71, 12, 3),
(858, 72, 1, 3),
(859, 72, 2, 3),
(860, 72, 3, 3),
(861, 72, 4, 3),
(862, 72, 5, 3),
(863, 72, 6, 3),
(864, 72, 7, 3),
(865, 72, 8, 3),
(866, 72, 9, 3),
(867, 72, 10, 3),
(868, 72, 11, 3),
(869, 72, 12, 3),
(870, 73, 1, 3),
(871, 73, 2, 3),
(872, 73, 3, 3),
(873, 73, 4, 3),
(874, 73, 5, 3),
(875, 73, 6, 3),
(876, 73, 7, 3),
(877, 73, 8, 3),
(878, 73, 9, 3),
(879, 73, 10, 3),
(880, 73, 11, 3),
(881, 73, 12, 3),
(882, 74, 1, 3),
(883, 74, 2, 3),
(884, 74, 3, 3),
(885, 74, 4, 3),
(886, 74, 5, 3),
(887, 74, 6, 3),
(888, 74, 7, 3),
(889, 74, 8, 3),
(890, 74, 9, 3),
(891, 74, 10, 3),
(892, 74, 11, 3),
(893, 74, 12, 3),
(894, 75, 1, 3),
(895, 75, 2, 3),
(896, 75, 3, 3),
(897, 75, 4, 3),
(898, 75, 5, 3),
(899, 75, 6, 3),
(900, 75, 7, 3),
(901, 75, 8, 3),
(902, 75, 9, 3),
(903, 75, 10, 3),
(904, 75, 11, 3),
(905, 75, 12, 3),
(906, 76, 1, 3),
(907, 76, 2, 3),
(908, 76, 3, 3),
(909, 76, 4, 3),
(910, 76, 5, 3),
(911, 76, 6, 3),
(912, 76, 7, 3),
(913, 76, 8, 3),
(914, 76, 9, 3),
(915, 76, 10, 3),
(916, 76, 11, 3),
(917, 76, 12, 3),
(918, 77, 1, 3),
(919, 77, 2, 3),
(920, 77, 3, 3),
(921, 77, 4, 3),
(922, 77, 5, 3),
(923, 77, 6, 3),
(924, 77, 7, 3),
(925, 77, 8, 3),
(926, 77, 9, 3),
(927, 77, 10, 3),
(928, 77, 11, 3),
(929, 77, 12, 3),
(930, 78, 1, 3),
(931, 78, 2, 3),
(932, 78, 3, 3),
(933, 78, 4, 3),
(934, 78, 5, 3),
(935, 78, 6, 3),
(936, 78, 7, 3),
(937, 78, 8, 3),
(938, 78, 9, 3),
(939, 78, 10, 3),
(940, 78, 11, 3),
(941, 78, 12, 3),
(942, 79, 1, 3),
(943, 79, 2, 3),
(944, 79, 3, 3),
(945, 79, 4, 3),
(946, 79, 5, 3),
(947, 79, 6, 3),
(948, 79, 7, 3),
(949, 79, 8, 3),
(950, 79, 9, 3),
(951, 79, 10, 3),
(952, 79, 11, 3),
(953, 79, 12, 3),
(954, 80, 1, 3),
(955, 80, 2, 3),
(956, 80, 3, 3),
(957, 80, 4, 3),
(958, 80, 5, 3),
(959, 80, 6, 3),
(960, 80, 7, 3),
(961, 80, 8, 3),
(962, 80, 9, 3),
(963, 80, 10, 3),
(964, 80, 11, 3),
(965, 80, 12, 3),
(966, 81, 1, 3),
(967, 81, 2, 3),
(968, 81, 3, 3),
(969, 81, 4, 3),
(970, 81, 5, 3),
(971, 81, 6, 3),
(972, 81, 7, 3),
(973, 81, 8, 3),
(974, 81, 9, 3),
(975, 81, 10, 3),
(976, 81, 11, 3),
(977, 81, 12, 3),
(978, 82, 1, 3),
(979, 82, 2, 3),
(980, 82, 3, 3),
(981, 82, 4, 3),
(982, 82, 5, 3),
(983, 82, 6, 3),
(984, 82, 7, 3),
(985, 82, 8, 3),
(986, 82, 9, 3),
(987, 82, 10, 3),
(988, 82, 11, 3),
(989, 82, 12, 3),
(990, 82, 1, 3),
(991, 82, 2, 3),
(992, 82, 3, 3),
(993, 82, 4, 3),
(994, 82, 5, 3),
(995, 82, 6, 3),
(996, 82, 7, 3),
(997, 82, 8, 3),
(998, 82, 9, 3),
(999, 82, 10, 3),
(1000, 82, 11, 3),
(1001, 82, 12, 3),
(1002, 83, 1, 3),
(1003, 83, 2, 3),
(1004, 83, 3, 3),
(1005, 83, 4, 3),
(1006, 83, 5, 3),
(1007, 83, 6, 3),
(1008, 83, 7, 3),
(1009, 83, 8, 3),
(1010, 83, 9, 3),
(1011, 83, 10, 3),
(1012, 83, 11, 3),
(1013, 83, 12, 3),
(1014, 84, 1, 3),
(1015, 84, 2, 3),
(1016, 84, 3, 3),
(1017, 84, 4, 3),
(1018, 84, 5, 3),
(1019, 84, 6, 3),
(1020, 84, 7, 3),
(1021, 84, 8, 3),
(1022, 84, 9, 3),
(1023, 84, 10, 3),
(1024, 84, 11, 3),
(1025, 84, 12, 3),
(1026, 85, 1, 3),
(1027, 85, 2, 3),
(1028, 85, 3, 3),
(1029, 85, 4, 3),
(1030, 85, 5, 3),
(1031, 85, 6, 3),
(1032, 85, 7, 3),
(1033, 85, 8, 3),
(1034, 85, 9, 3),
(1035, 85, 10, 3),
(1036, 85, 11, 3),
(1037, 85, 12, 3),
(1038, 86, 1, 3),
(1039, 86, 2, 3),
(1040, 86, 3, 3),
(1041, 86, 4, 3),
(1042, 86, 5, 3),
(1043, 86, 6, 3),
(1044, 86, 7, 3),
(1045, 86, 8, 3),
(1046, 86, 9, 3),
(1047, 86, 10, 3),
(1048, 86, 11, 3),
(1049, 86, 12, 3),
(1050, 87, 1, 3),
(1051, 87, 2, 3),
(1052, 87, 3, 3),
(1053, 87, 4, 3),
(1054, 87, 5, 3),
(1055, 87, 6, 3),
(1056, 87, 7, 3),
(1057, 87, 8, 3),
(1058, 87, 9, 3),
(1059, 87, 10, 3),
(1060, 87, 11, 3),
(1061, 87, 12, 3),
(1062, 88, 1, 3),
(1063, 88, 2, 3),
(1064, 88, 3, 3),
(1065, 88, 4, 3),
(1066, 88, 5, 3),
(1067, 88, 6, 3),
(1068, 88, 7, 3),
(1069, 88, 8, 3),
(1070, 88, 9, 3),
(1071, 88, 10, 3),
(1072, 88, 11, 3),
(1073, 88, 12, 3),
(1074, 89, 1, 3),
(1075, 89, 2, 3),
(1076, 89, 3, 3),
(1077, 89, 4, 3),
(1078, 89, 5, 3),
(1079, 89, 6, 3),
(1080, 89, 7, 3),
(1081, 89, 8, 3),
(1082, 89, 9, 3),
(1083, 89, 10, 3),
(1084, 89, 11, 3),
(1085, 89, 12, 3),
(1086, 90, 1, 3),
(1087, 90, 2, 3),
(1088, 90, 3, 3),
(1089, 90, 4, 3),
(1090, 90, 5, 3),
(1091, 90, 6, 3),
(1092, 90, 7, 3),
(1093, 90, 8, 3),
(1094, 90, 9, 3),
(1095, 90, 10, 3),
(1096, 90, 11, 3),
(1097, 90, 12, 3),
(1098, 91, 1, 3),
(1099, 91, 2, 3),
(1100, 91, 3, 3),
(1101, 91, 4, 3),
(1102, 91, 5, 3),
(1103, 91, 6, 3),
(1104, 91, 7, 3),
(1105, 91, 8, 3),
(1106, 91, 9, 3),
(1107, 91, 10, 3),
(1108, 91, 11, 3),
(1109, 91, 12, 3),
(1110, 92, 1, 3),
(1111, 92, 2, 3),
(1112, 92, 3, 3),
(1113, 92, 4, 3),
(1114, 92, 5, 3),
(1115, 92, 6, 3),
(1116, 92, 7, 3),
(1117, 92, 8, 3),
(1118, 92, 9, 3),
(1119, 92, 10, 3),
(1120, 92, 11, 3),
(1121, 92, 12, 3),
(1122, 93, 1, 3),
(1123, 93, 2, 3),
(1124, 93, 3, 3),
(1125, 93, 4, 3),
(1126, 93, 5, 3),
(1127, 93, 6, 3),
(1128, 93, 7, 3),
(1129, 93, 8, 3),
(1130, 93, 9, 3),
(1131, 93, 10, 3),
(1132, 93, 11, 3),
(1133, 93, 12, 3),
(1134, 94, 1, 3),
(1135, 94, 2, 3),
(1136, 94, 3, 3),
(1137, 94, 4, 3),
(1138, 94, 5, 3),
(1139, 94, 6, 3),
(1140, 94, 7, 3),
(1141, 94, 8, 3),
(1142, 94, 9, 3),
(1143, 94, 10, 3),
(1144, 94, 11, 3),
(1145, 94, 12, 3),
(1146, 95, 1, 3),
(1147, 95, 2, 3),
(1148, 95, 3, 3),
(1149, 95, 4, 3),
(1150, 95, 5, 3),
(1151, 95, 6, 3),
(1152, 95, 7, 3),
(1153, 95, 8, 3),
(1154, 95, 9, 3),
(1155, 95, 10, 3),
(1156, 95, 11, 3),
(1157, 95, 12, 3),
(1158, 96, 1, 3),
(1159, 96, 2, 3),
(1160, 96, 3, 3),
(1161, 96, 4, 3),
(1162, 96, 5, 3),
(1163, 96, 6, 3),
(1164, 96, 7, 3),
(1165, 96, 8, 3),
(1166, 96, 9, 3),
(1167, 96, 10, 3),
(1168, 96, 11, 3),
(1169, 96, 12, 3),
(1170, 97, 1, 3),
(1171, 97, 2, 3),
(1172, 97, 3, 3),
(1173, 97, 4, 3),
(1174, 97, 5, 3),
(1175, 97, 6, 3),
(1176, 97, 7, 3),
(1177, 97, 8, 3),
(1178, 97, 9, 3),
(1179, 97, 10, 3),
(1180, 97, 11, 3),
(1181, 97, 12, 3),
(1182, 98, 1, 3),
(1183, 98, 2, 3),
(1184, 98, 3, 3),
(1185, 98, 4, 3),
(1186, 98, 5, 3),
(1187, 98, 6, 3),
(1188, 98, 7, 3),
(1189, 98, 8, 3),
(1190, 98, 9, 3),
(1191, 98, 10, 3),
(1192, 98, 11, 3),
(1193, 98, 12, 3),
(1194, 99, 1, 3),
(1195, 99, 2, 3),
(1196, 99, 3, 3),
(1197, 99, 4, 3),
(1198, 99, 5, 3),
(1199, 99, 6, 3),
(1200, 99, 7, 3),
(1201, 99, 8, 3),
(1202, 99, 9, 3),
(1203, 99, 10, 3),
(1204, 99, 11, 3),
(1205, 99, 12, 3),
(1206, 100, 1, 3),
(1207, 100, 2, 3),
(1208, 100, 3, 3),
(1209, 100, 4, 3),
(1210, 100, 5, 3),
(1211, 100, 6, 3),
(1212, 100, 7, 3),
(1213, 100, 8, 3),
(1214, 100, 9, 3),
(1215, 100, 10, 3),
(1216, 100, 11, 3),
(1217, 100, 12, 3),
(1218, 101, 1, 3),
(1219, 101, 2, 3),
(1220, 101, 3, 3),
(1221, 101, 4, 3),
(1222, 101, 5, 3),
(1223, 101, 6, 3),
(1224, 101, 7, 3),
(1225, 101, 8, 3),
(1226, 101, 9, 3),
(1227, 101, 10, 3),
(1228, 101, 11, 3),
(1229, 101, 12, 3),
(1230, 102, 1, 3),
(1231, 102, 2, 3),
(1232, 102, 3, 3),
(1233, 102, 4, 3),
(1234, 102, 5, 3),
(1235, 102, 6, 3),
(1236, 102, 7, 3),
(1237, 102, 8, 3),
(1238, 102, 9, 3),
(1239, 102, 10, 3),
(1240, 102, 11, 3),
(1241, 102, 12, 3),
(1242, 103, 1, 3),
(1243, 103, 2, 3),
(1244, 103, 3, 3),
(1245, 103, 4, 3),
(1246, 103, 5, 3),
(1247, 103, 6, 3),
(1248, 103, 7, 3),
(1249, 103, 8, 3),
(1250, 103, 9, 3),
(1251, 103, 10, 3),
(1252, 103, 11, 3),
(1253, 103, 12, 3),
(1254, 104, 1, 3),
(1255, 104, 2, 3),
(1256, 104, 3, 3),
(1257, 104, 4, 3),
(1258, 104, 5, 3),
(1259, 104, 6, 3),
(1260, 104, 7, 3),
(1261, 104, 8, 3),
(1262, 104, 9, 3),
(1263, 104, 10, 3),
(1264, 104, 11, 3),
(1265, 104, 12, 3),
(1266, 105, 1, 3),
(1267, 105, 2, 3),
(1268, 105, 3, 3),
(1269, 105, 4, 3),
(1270, 105, 5, 3),
(1271, 105, 6, 3),
(1272, 105, 7, 3),
(1273, 105, 8, 3),
(1274, 105, 9, 3),
(1275, 105, 10, 3),
(1276, 105, 11, 3),
(1277, 105, 12, 3),
(1278, 106, 1, 3),
(1279, 106, 2, 3),
(1280, 106, 3, 3),
(1281, 106, 4, 3),
(1282, 106, 5, 3),
(1283, 106, 6, 3),
(1284, 106, 7, 3),
(1285, 106, 8, 3),
(1286, 106, 9, 3),
(1287, 106, 10, 3),
(1288, 106, 11, 3),
(1289, 106, 12, 3),
(1290, 107, 1, 3),
(1291, 107, 2, 3),
(1292, 107, 3, 3),
(1293, 107, 4, 3),
(1294, 107, 5, 3),
(1295, 107, 6, 3),
(1296, 107, 7, 3),
(1297, 107, 8, 3),
(1298, 107, 9, 3),
(1299, 107, 10, 3),
(1300, 107, 11, 3),
(1301, 107, 12, 3),
(1302, 108, 1, 3),
(1303, 108, 2, 3),
(1304, 108, 3, 3),
(1305, 108, 4, 3),
(1306, 108, 5, 3),
(1307, 108, 6, 3),
(1308, 108, 7, 3),
(1309, 108, 8, 3),
(1310, 108, 9, 3),
(1311, 108, 10, 3),
(1312, 108, 11, 3),
(1313, 108, 12, 3),
(1314, 109, 1, 3),
(1315, 109, 2, 3),
(1316, 109, 3, 3),
(1317, 109, 4, 3),
(1318, 109, 5, 3),
(1319, 109, 6, 3),
(1320, 109, 7, 3),
(1321, 109, 8, 3),
(1322, 109, 9, 3),
(1323, 109, 10, 3),
(1324, 109, 11, 3),
(1325, 109, 12, 3),
(1326, 110, 1, 3),
(1327, 110, 2, 3),
(1328, 110, 3, 3),
(1329, 110, 4, 3),
(1330, 110, 5, 3),
(1331, 110, 6, 3),
(1332, 110, 7, 3),
(1333, 110, 8, 3),
(1334, 110, 9, 3),
(1335, 110, 10, 3),
(1336, 110, 11, 3),
(1337, 110, 12, 3),
(1338, 111, 1, 3),
(1339, 111, 2, 3),
(1340, 111, 3, 3),
(1341, 111, 4, 3),
(1342, 111, 5, 3),
(1343, 111, 6, 3),
(1344, 111, 7, 3),
(1345, 111, 8, 3),
(1346, 111, 9, 3),
(1347, 111, 10, 3),
(1348, 111, 11, 3),
(1349, 111, 12, 3),
(1350, 112, 1, 3),
(1351, 112, 2, 3),
(1352, 112, 3, 3),
(1353, 112, 4, 3),
(1354, 112, 5, 3),
(1355, 112, 6, 3),
(1356, 112, 7, 3),
(1357, 112, 8, 3),
(1358, 112, 9, 3),
(1359, 112, 10, 3),
(1360, 112, 11, 3),
(1361, 112, 12, 3),
(1362, 113, 1, 3),
(1363, 113, 2, 3),
(1364, 113, 3, 3),
(1365, 113, 4, 3),
(1366, 113, 5, 3),
(1367, 113, 6, 3),
(1368, 113, 7, 3),
(1369, 113, 8, 3),
(1370, 113, 9, 3),
(1371, 113, 10, 3),
(1372, 113, 11, 3),
(1373, 113, 12, 3),
(1374, 114, 1, 3),
(1375, 114, 2, 3),
(1376, 114, 3, 3),
(1377, 114, 4, 3),
(1378, 114, 5, 3),
(1379, 114, 6, 3),
(1380, 114, 7, 3),
(1381, 114, 8, 3),
(1382, 114, 9, 3),
(1383, 114, 10, 3),
(1384, 114, 11, 3),
(1385, 114, 12, 3),
(1386, 115, 1, 3),
(1387, 115, 2, 3),
(1388, 115, 3, 3),
(1389, 115, 4, 3),
(1390, 115, 5, 3),
(1391, 115, 6, 3),
(1392, 115, 7, 3),
(1393, 115, 8, 3),
(1394, 115, 9, 3),
(1395, 115, 10, 3),
(1396, 115, 11, 3),
(1397, 115, 12, 3),
(1398, 102, 2, 3),
(1399, 102, 3, 3),
(1400, 102, 4, 3),
(1401, 102, 5, 3),
(1402, 102, 6, 3),
(1403, 102, 7, 3),
(1404, 102, 8, 3),
(1405, 102, 9, 3),
(1406, 102, 10, 3),
(1407, 102, 11, 3),
(1408, 102, 12, 3),
(1409, 103, 1, 3),
(1410, 103, 2, 3),
(1411, 103, 3, 3),
(1412, 103, 4, 3),
(1413, 103, 5, 3),
(1414, 103, 6, 3),
(1415, 103, 7, 3),
(1416, 103, 8, 3),
(1417, 103, 9, 3),
(1418, 103, 10, 3),
(1419, 103, 11, 3),
(1420, 103, 12, 3),
(1421, 104, 1, 3),
(1422, 104, 2, 3),
(1423, 104, 3, 3),
(1424, 104, 4, 3),
(1425, 104, 5, 3),
(1426, 104, 6, 3),
(1427, 104, 7, 3),
(1428, 104, 8, 3),
(1429, 104, 9, 3),
(1430, 104, 10, 3),
(1431, 104, 11, 3),
(1432, 104, 12, 3),
(1433, 105, 1, 3),
(1434, 105, 2, 3),
(1435, 105, 3, 3),
(1436, 105, 4, 3),
(1437, 105, 5, 3),
(1438, 105, 6, 3),
(1439, 105, 7, 3),
(1440, 105, 8, 3),
(1441, 105, 9, 3),
(1442, 105, 10, 3),
(1443, 105, 11, 3),
(1444, 105, 12, 3),
(1445, 106, 1, 3),
(1446, 106, 2, 3),
(1447, 106, 3, 3),
(1448, 106, 4, 3),
(1449, 106, 5, 3),
(1450, 106, 6, 3),
(1451, 106, 7, 3),
(1452, 106, 8, 3),
(1453, 106, 9, 3),
(1454, 106, 10, 3),
(1455, 106, 11, 3),
(1456, 106, 12, 3),
(1457, 107, 1, 3),
(1458, 107, 2, 3),
(1459, 107, 3, 3),
(1460, 107, 4, 3),
(1461, 107, 5, 3),
(1462, 107, 6, 3),
(1463, 107, 7, 3),
(1464, 107, 8, 3),
(1465, 107, 9, 3),
(1466, 107, 10, 3),
(1467, 107, 11, 3),
(1468, 107, 12, 3),
(1469, 108, 1, 3),
(1470, 108, 2, 3),
(1471, 108, 3, 3),
(1472, 108, 4, 3),
(1473, 108, 5, 3),
(1474, 108, 6, 3),
(1475, 108, 7, 3),
(1476, 108, 8, 3),
(1477, 108, 9, 3),
(1478, 108, 10, 3),
(1479, 108, 11, 3),
(1480, 108, 12, 3),
(1481, 109, 1, 3),
(1482, 109, 2, 3),
(1483, 109, 3, 3),
(1484, 109, 4, 3),
(1485, 109, 5, 3),
(1486, 109, 6, 3),
(1487, 109, 7, 3),
(1488, 109, 8, 3),
(1489, 109, 9, 3),
(1490, 109, 10, 3),
(1491, 109, 11, 3),
(1492, 109, 12, 3),
(1493, 110, 1, 3),
(1494, 110, 2, 3),
(1495, 110, 3, 3),
(1496, 110, 4, 3),
(1497, 110, 5, 3),
(1498, 110, 6, 3),
(1499, 110, 7, 3),
(1500, 110, 8, 3),
(1501, 110, 9, 3),
(1502, 110, 10, 3),
(1503, 110, 11, 3),
(1504, 110, 12, 3),
(1505, 111, 1, 3),
(1506, 111, 2, 3),
(1507, 111, 3, 3),
(1508, 111, 4, 3),
(1509, 111, 5, 3),
(1510, 111, 6, 3),
(1511, 111, 7, 3),
(1512, 111, 8, 3),
(1513, 111, 9, 3),
(1514, 111, 10, 3),
(1515, 111, 11, 3),
(1516, 111, 12, 3),
(1517, 112, 1, 3),
(1518, 112, 2, 3),
(1519, 112, 3, 3),
(1520, 112, 4, 3),
(1521, 112, 5, 3),
(1522, 112, 6, 3),
(1523, 112, 7, 3),
(1524, 112, 8, 3),
(1525, 112, 9, 3),
(1526, 112, 10, 3),
(1527, 112, 11, 3),
(1528, 112, 12, 3),
(1529, 113, 1, 3),
(1530, 113, 2, 3),
(1531, 113, 3, 3),
(1532, 113, 4, 3),
(1533, 113, 5, 3),
(1534, 113, 6, 3),
(1535, 113, 7, 3),
(1536, 113, 8, 3),
(1537, 113, 9, 3),
(1538, 113, 10, 3),
(1539, 113, 11, 3),
(1540, 113, 12, 3),
(1541, 114, 1, 3),
(1542, 114, 2, 3),
(1543, 114, 3, 3),
(1544, 114, 4, 3),
(1545, 114, 5, 3),
(1546, 114, 6, 3),
(1547, 114, 7, 3),
(1548, 114, 8, 3),
(1549, 114, 9, 3),
(1550, 114, 10, 3),
(1551, 114, 11, 3),
(1552, 114, 12, 3),
(1553, 115, 1, 3),
(1554, 115, 2, 3),
(1555, 115, 3, 3),
(1556, 115, 4, 3),
(1557, 115, 5, 3),
(1558, 115, 6, 3),
(1559, 115, 7, 3),
(1560, 115, 8, 3),
(1561, 115, 9, 3),
(1562, 115, 10, 3),
(1563, 115, 11, 3),
(1564, 115, 12, 3),
(1565, 116, 1, 3),
(1566, 116, 2, 3),
(1567, 116, 3, 3),
(1568, 116, 4, 3),
(1569, 116, 5, 3),
(1570, 116, 6, 3),
(1571, 116, 7, 3),
(1572, 116, 8, 3),
(1573, 116, 9, 3),
(1574, 116, 10, 3),
(1575, 116, 11, 3),
(1576, 116, 12, 3),
(1577, 116, 1, 3),
(1578, 116, 2, 3),
(1579, 116, 3, 3),
(1580, 116, 4, 3),
(1581, 116, 5, 3),
(1582, 116, 6, 3),
(1583, 116, 7, 3),
(1584, 116, 8, 3),
(1585, 116, 9, 3),
(1586, 116, 10, 3),
(1587, 116, 11, 3),
(1588, 116, 12, 3),
(1589, 117, 1, 3),
(1590, 117, 2, 3),
(1591, 117, 3, 3),
(1592, 117, 4, 3),
(1593, 117, 5, 3),
(1594, 117, 6, 3),
(1595, 117, 7, 3),
(1596, 117, 8, 3),
(1597, 117, 9, 3),
(1598, 117, 10, 3),
(1599, 117, 11, 3),
(1600, 117, 12, 3),
(1601, 118, 1, 3),
(1602, 118, 2, 3),
(1603, 118, 3, 3),
(1604, 118, 4, 3),
(1605, 118, 5, 3),
(1606, 118, 6, 3),
(1607, 118, 7, 3),
(1608, 118, 8, 3),
(1609, 118, 9, 3),
(1610, 118, 10, 3),
(1611, 118, 11, 3),
(1612, 118, 12, 3),
(1613, 119, 1, 3),
(1614, 119, 2, 3),
(1615, 119, 3, 3),
(1616, 119, 4, 3),
(1617, 119, 5, 3),
(1618, 119, 6, 3),
(1619, 119, 7, 3),
(1620, 119, 8, 3),
(1621, 119, 9, 3),
(1622, 119, 10, 3),
(1623, 119, 11, 3),
(1624, 119, 12, 3),
(1625, 120, 1, 3),
(1626, 120, 2, 3),
(1627, 120, 3, 3),
(1628, 120, 4, 3),
(1629, 120, 5, 3),
(1630, 120, 6, 3),
(1631, 120, 7, 3),
(1632, 120, 8, 3),
(1633, 120, 9, 3),
(1634, 120, 10, 3),
(1635, 120, 11, 3),
(1636, 120, 12, 3),
(1637, 121, 1, 3),
(1638, 121, 2, 3),
(1639, 121, 3, 3),
(1640, 121, 4, 3),
(1641, 121, 5, 3),
(1642, 121, 6, 3),
(1643, 121, 7, 3),
(1644, 121, 8, 3),
(1645, 121, 9, 3),
(1646, 121, 10, 3),
(1647, 121, 11, 3),
(1648, 121, 12, 3),
(1649, 122, 1, 3),
(1650, 122, 2, 3),
(1651, 122, 3, 3),
(1652, 122, 4, 3),
(1653, 122, 5, 3),
(1654, 122, 6, 3),
(1655, 122, 7, 3),
(1656, 122, 8, 3),
(1657, 122, 9, 3),
(1658, 122, 10, 3),
(1659, 122, 11, 3),
(1660, 122, 12, 3),
(1661, 123, 1, 3),
(1662, 123, 2, 3),
(1663, 123, 3, 3),
(1664, 123, 4, 3),
(1665, 123, 5, 3),
(1666, 123, 6, 3),
(1667, 123, 7, 3),
(1668, 123, 8, 3),
(1669, 123, 9, 3),
(1670, 123, 10, 3),
(1671, 123, 11, 3),
(1672, 123, 12, 3),
(1673, 124, 1, 3),
(1674, 124, 2, 3),
(1675, 124, 3, 3),
(1676, 124, 4, 3),
(1677, 124, 5, 3),
(1678, 124, 6, 3),
(1679, 124, 7, 3),
(1680, 124, 8, 3),
(1681, 124, 9, 3),
(1682, 124, 10, 3),
(1683, 124, 11, 3),
(1684, 124, 12, 3),
(1685, 125, 1, 3),
(1686, 125, 2, 3),
(1687, 125, 3, 3),
(1688, 125, 4, 3),
(1689, 125, 5, 3),
(1690, 125, 6, 3),
(1691, 125, 7, 3),
(1692, 125, 8, 3),
(1693, 125, 9, 3),
(1694, 125, 10, 3),
(1695, 125, 11, 3),
(1696, 125, 12, 3),
(1697, 126, 1, 3),
(1698, 126, 2, 3),
(1699, 126, 3, 3),
(1700, 126, 4, 3),
(1701, 126, 5, 3),
(1702, 126, 6, 3),
(1703, 126, 7, 3),
(1704, 126, 8, 3),
(1705, 126, 9, 3),
(1706, 126, 10, 3),
(1707, 126, 11, 3),
(1708, 127, 12, 3),
(1709, 127, 1, 3),
(1710, 127, 2, 3),
(1711, 127, 3, 3),
(1712, 127, 4, 3),
(1713, 127, 5, 3),
(1714, 127, 6, 3),
(1715, 127, 7, 3),
(1716, 127, 8, 3),
(1717, 127, 9, 3),
(1718, 127, 10, 3),
(1719, 127, 11, 3),
(1720, 127, 12, 3),
(1721, 128, 1, 3),
(1722, 128, 2, 3),
(1723, 128, 3, 3),
(1724, 128, 4, 3),
(1725, 128, 5, 3),
(1726, 128, 6, 3),
(1727, 128, 7, 3),
(1728, 128, 8, 3),
(1729, 128, 9, 3),
(1730, 128, 10, 3),
(1731, 128, 11, 3),
(1732, 128, 12, 3),
(1733, 129, 1, 3),
(1734, 129, 2, 3),
(1735, 129, 3, 3),
(1736, 129, 4, 3),
(1737, 129, 5, 3),
(1738, 129, 6, 3),
(1739, 129, 7, 3),
(1740, 129, 8, 3),
(1741, 129, 9, 3),
(1742, 129, 10, 3),
(1743, 129, 11, 3),
(1744, 129, 12, 3),
(1745, 130, 1, 3),
(1746, 130, 2, 3),
(1747, 130, 3, 3),
(1748, 130, 4, 3),
(1749, 130, 5, 3),
(1750, 130, 6, 3),
(1751, 130, 7, 3),
(1752, 130, 8, 3),
(1753, 130, 9, 3),
(1754, 130, 10, 3),
(1755, 130, 11, 3),
(1756, 130, 12, 3),
(1757, 131, 1, 3),
(1758, 131, 2, 3),
(1759, 131, 3, 3),
(1760, 131, 4, 3),
(1761, 131, 5, 3),
(1762, 131, 6, 3),
(1763, 131, 7, 3),
(1764, 131, 8, 3),
(1765, 131, 9, 3),
(1766, 131, 10, 3),
(1767, 131, 11, 3),
(1768, 131, 12, 3),
(1769, 132, 1, 3),
(1770, 132, 2, 3),
(1771, 132, 3, 3),
(1772, 132, 4, 3),
(1773, 132, 5, 3),
(1774, 132, 6, 3),
(1775, 132, 7, 3),
(1776, 132, 8, 3),
(1777, 132, 9, 3),
(1778, 132, 10, 3),
(1779, 132, 11, 3),
(1780, 132, 12, 3),
(1781, 133, 1, 3),
(1782, 133, 2, 3),
(1783, 133, 3, 3),
(1784, 133, 4, 3),
(1785, 133, 5, 3),
(1786, 133, 6, 3),
(1787, 133, 7, 3),
(1788, 133, 8, 3),
(1789, 133, 9, 3),
(1790, 133, 10, 3),
(1791, 133, 11, 3),
(1792, 133, 12, 3),
(1793, 134, 1, 3),
(1794, 134, 2, 3),
(1795, 134, 3, 3),
(1796, 134, 4, 3),
(1797, 134, 5, 3),
(1798, 134, 6, 3),
(1799, 134, 7, 3),
(1800, 134, 8, 3),
(1801, 134, 9, 3),
(1802, 134, 10, 3),
(1803, 134, 11, 3),
(1804, 134, 12, 3),
(1805, 135, 1, 3),
(1806, 135, 2, 3),
(1807, 135, 3, 3),
(1808, 135, 4, 3),
(1809, 135, 5, 3),
(1810, 135, 6, 3),
(1811, 135, 7, 3),
(1812, 135, 8, 3),
(1813, 135, 9, 3),
(1814, 135, 10, 3),
(1815, 135, 11, 3),
(1816, 135, 12, 3),
(1817, 136, 1, 3),
(1818, 136, 2, 3),
(1819, 136, 3, 3),
(1820, 136, 4, 3),
(1821, 136, 5, 3),
(1822, 136, 6, 3),
(1823, 136, 7, 3),
(1824, 136, 8, 3),
(1825, 136, 9, 3),
(1826, 136, 10, 3),
(1827, 136, 11, 3),
(1828, 136, 12, 3),
(1829, 137, 1, 3),
(1830, 137, 2, 3),
(1831, 137, 3, 3),
(1832, 137, 4, 3),
(1833, 137, 5, 3),
(1834, 137, 6, 3),
(1835, 137, 7, 3),
(1836, 137, 8, 3),
(1837, 137, 9, 3),
(1838, 137, 10, 3),
(1839, 137, 11, 3),
(1840, 137, 12, 3),
(1841, 138, 1, 3),
(1842, 138, 2, 3),
(1843, 138, 3, 3),
(1844, 138, 4, 3),
(1845, 138, 5, 3),
(1846, 138, 6, 3),
(1847, 138, 7, 3),
(1848, 138, 8, 3),
(1849, 138, 9, 3),
(1850, 138, 10, 3),
(1851, 138, 11, 3),
(1852, 139, 12, 3),
(1853, 139, 1, 3),
(1854, 139, 2, 3),
(1855, 139, 3, 3),
(1856, 139, 4, 3),
(1857, 139, 5, 3),
(1858, 139, 6, 3),
(1859, 139, 7, 3),
(1860, 139, 8, 3),
(1861, 139, 9, 3),
(1862, 139, 10, 3),
(1863, 139, 11, 3),
(1864, 139, 12, 3),
(1865, 140, 1, 3),
(1866, 140, 2, 3),
(1867, 140, 3, 3),
(1868, 140, 4, 3),
(1869, 140, 5, 3),
(1870, 140, 6, 3),
(1871, 140, 7, 3),
(1872, 140, 8, 3),
(1873, 140, 9, 3),
(1874, 140, 10, 3),
(1875, 140, 11, 3),
(1876, 140, 12, 3),
(1877, 141, 1, 3),
(1878, 141, 2, 3),
(1879, 141, 3, 3),
(1880, 141, 4, 3),
(1881, 141, 5, 3),
(1882, 141, 6, 3),
(1883, 141, 7, 3),
(1884, 141, 8, 3),
(1885, 141, 9, 3),
(1886, 141, 10, 3),
(1887, 141, 11, 3),
(1888, 141, 12, 3),
(1889, 142, 1, 3),
(1890, 142, 2, 3),
(1891, 142, 3, 3),
(1892, 142, 4, 3),
(1893, 142, 5, 3),
(1894, 142, 6, 3),
(1895, 142, 7, 3),
(1896, 142, 8, 3),
(1897, 142, 9, 3),
(1898, 142, 10, 3),
(1899, 142, 11, 3),
(1900, 142, 12, 3),
(1901, 143, 1, 3),
(1902, 143, 2, 3),
(1903, 143, 3, 3),
(1904, 143, 4, 3),
(1905, 143, 5, 3),
(1906, 143, 6, 3),
(1907, 143, 7, 3),
(1908, 143, 8, 3),
(1909, 143, 9, 3),
(1910, 143, 10, 3),
(1911, 143, 11, 3),
(1912, 143, 12, 3),
(1913, 144, 1, 3),
(1914, 144, 2, 3),
(1915, 144, 3, 3),
(1916, 144, 4, 3),
(1917, 144, 5, 3),
(1918, 144, 6, 3),
(1919, 144, 7, 3),
(1920, 144, 8, 3),
(1921, 144, 9, 3),
(1922, 144, 10, 3),
(1923, 144, 11, 3),
(1924, 144, 12, 3),
(1925, 145, 1, 3),
(1926, 145, 2, 3),
(1927, 145, 3, 3),
(1928, 145, 4, 3),
(1929, 145, 5, 3),
(1930, 145, 6, 3),
(1931, 145, 7, 3),
(1932, 145, 8, 3),
(1933, 145, 9, 3),
(1934, 145, 10, 3),
(1935, 145, 11, 3),
(1936, 145, 12, 3),
(1937, 146, 1, 3),
(1938, 146, 2, 3),
(1939, 146, 3, 3),
(1940, 146, 4, 3),
(1941, 146, 5, 3),
(1942, 146, 6, 3),
(1943, 146, 7, 3),
(1944, 146, 8, 3),
(1945, 146, 9, 3),
(1946, 146, 10, 3),
(1947, 146, 11, 3),
(1948, 146, 12, 3),
(1949, 147, 1, 3),
(1950, 147, 2, 3),
(1951, 147, 3, 3),
(1952, 147, 4, 3),
(1953, 147, 5, 3),
(1954, 147, 6, 3),
(1955, 147, 7, 3),
(1956, 147, 8, 3),
(1957, 147, 9, 3),
(1958, 147, 10, 3),
(1959, 147, 11, 3),
(1960, 147, 12, 3),
(1961, 148, 1, 3),
(1962, 148, 2, 3),
(1963, 148, 3, 3),
(1964, 148, 4, 3),
(1965, 148, 5, 3),
(1966, 148, 6, 3),
(1967, 148, 7, 3),
(1968, 148, 8, 3),
(1969, 148, 9, 3),
(1970, 148, 10, 3),
(1971, 148, 11, 3),
(1972, 148, 12, 3),
(1973, 149, 1, 3),
(1974, 149, 2, 3),
(1975, 149, 3, 3),
(1976, 149, 4, 3),
(1977, 149, 5, 3),
(1978, 149, 6, 3),
(1979, 149, 7, 3),
(1980, 149, 8, 3),
(1981, 149, 9, 3),
(1982, 149, 10, 3),
(1983, 149, 11, 3),
(1984, 149, 12, 3),
(1985, 150, 1, 3),
(1986, 150, 2, 3),
(1987, 150, 3, 3),
(1988, 150, 4, 3),
(1989, 150, 5, 3),
(1990, 150, 6, 3),
(1991, 150, 7, 3),
(1992, 150, 8, 3),
(1993, 150, 9, 3),
(1994, 150, 10, 3),
(1995, 150, 11, 3),
(1996, 150, 12, 3),
(1997, 151, 1, 3),
(1998, 151, 2, 3),
(1999, 151, 3, 3),
(2000, 151, 4, 3),
(2001, 151, 5, 3),
(2002, 151, 6, 3),
(2003, 151, 7, 3),
(2004, 151, 8, 3),
(2005, 151, 9, 3),
(2006, 151, 10, 3),
(2007, 151, 11, 3),
(2008, 151, 12, 3),
(2009, 152, 1, 3),
(2010, 152, 2, 3),
(2011, 152, 3, 3),
(2012, 152, 4, 3),
(2013, 152, 5, 3),
(2014, 152, 6, 3),
(2015, 152, 7, 3),
(2016, 152, 8, 3),
(2017, 152, 9, 3),
(2018, 152, 10, 3),
(2019, 152, 11, 3),
(2020, 152, 12, 3),
(2021, 153, 1, 3),
(2022, 153, 2, 3),
(2023, 153, 3, 3),
(2024, 153, 4, 3),
(2025, 153, 5, 3),
(2026, 153, 6, 3),
(2027, 153, 7, 3),
(2028, 153, 8, 3),
(2029, 153, 9, 3),
(2030, 153, 10, 3),
(2031, 153, 11, 3),
(2032, 153, 12, 3),
(2033, 154, 1, 3),
(2034, 154, 2, 3),
(2035, 154, 3, 3),
(2036, 154, 4, 3),
(2037, 154, 5, 3),
(2038, 154, 6, 3),
(2039, 154, 7, 3),
(2040, 154, 8, 3),
(2041, 154, 9, 3),
(2042, 154, 10, 3),
(2043, 154, 11, 3),
(2044, 154, 12, 3),
(2045, 155, 1, 3),
(2046, 155, 2, 3),
(2047, 155, 3, 3),
(2048, 155, 4, 3),
(2049, 155, 5, 3),
(2050, 155, 6, 3),
(2051, 155, 7, 3),
(2052, 155, 8, 3),
(2053, 155, 9, 3),
(2054, 155, 10, 3),
(2055, 155, 11, 3),
(2056, 155, 12, 3),
(2057, 156, 1, 3),
(2058, 156, 2, 3),
(2059, 156, 3, 3),
(2060, 156, 4, 3),
(2061, 156, 5, 3),
(2062, 156, 6, 3),
(2063, 156, 7, 3),
(2064, 156, 8, 3),
(2065, 156, 9, 3),
(2066, 156, 10, 3),
(2067, 156, 11, 3),
(2068, 156, 12, 3),
(2069, 157, 1, 3),
(2070, 157, 2, 3),
(2071, 157, 3, 3),
(2072, 157, 4, 3),
(2073, 157, 5, 3),
(2074, 157, 6, 3),
(2075, 157, 7, 3),
(2076, 157, 8, 3),
(2077, 157, 9, 3),
(2078, 157, 10, 3),
(2079, 157, 11, 3),
(2080, 157, 12, 3),
(2081, 158, 1, 3),
(2082, 158, 2, 3),
(2083, 158, 3, 3),
(2084, 158, 4, 3),
(2085, 158, 5, 3),
(2086, 158, 6, 3),
(2087, 158, 7, 3),
(2088, 158, 8, 3),
(2089, 158, 9, 3),
(2090, 158, 10, 3),
(2091, 158, 11, 3),
(2092, 158, 12, 3),
(2093, 159, 1, 3),
(2094, 159, 2, 3),
(2095, 159, 3, 3),
(2096, 159, 4, 3),
(2097, 159, 5, 3),
(2098, 159, 6, 3),
(2099, 159, 7, 3),
(2100, 159, 8, 3),
(2101, 159, 9, 3),
(2102, 159, 10, 3),
(2103, 159, 11, 3),
(2104, 159, 12, 3),
(2105, 160, 1, 3),
(2106, 161, 2, 3),
(2107, 161, 3, 3),
(2108, 161, 4, 3),
(2109, 161, 5, 3),
(2110, 161, 6, 3),
(2111, 161, 7, 3),
(2112, 161, 8, 3),
(2113, 161, 9, 3),
(2114, 161, 10, 3),
(2115, 161, 11, 3),
(2116, 161, 12, 3),
(2117, 162, 1, 3),
(2118, 162, 2, 3),
(2119, 162, 3, 3),
(2120, 162, 4, 3),
(2121, 162, 5, 3),
(2122, 162, 6, 3),
(2123, 162, 7, 3),
(2124, 162, 8, 3),
(2125, 162, 9, 3),
(2126, 162, 10, 3),
(2127, 162, 11, 3),
(2128, 162, 12, 3),
(2129, 163, 1, 3),
(2130, 163, 2, 3),
(2131, 163, 3, 3),
(2132, 163, 4, 3),
(2133, 163, 5, 3),
(2134, 163, 6, 3),
(2135, 163, 7, 3),
(2136, 163, 8, 3),
(2137, 163, 9, 3),
(2138, 163, 10, 3),
(2139, 163, 11, 3),
(2140, 163, 12, 3),
(2141, 164, 1, 3),
(2142, 164, 2, 3),
(2143, 164, 3, 3),
(2144, 164, 4, 3),
(2145, 164, 5, 3),
(2146, 164, 6, 3),
(2147, 164, 7, 3),
(2148, 164, 8, 3),
(2149, 164, 9, 3),
(2150, 164, 10, 3),
(2151, 164, 11, 3),
(2152, 164, 12, 3),
(2153, 165, 1, 3),
(2154, 165, 2, 3),
(2155, 165, 3, 3),
(2156, 165, 4, 3),
(2157, 165, 5, 3),
(2158, 165, 6, 3),
(2159, 165, 7, 3),
(2160, 165, 8, 3),
(2161, 165, 9, 3),
(2162, 165, 10, 3),
(2163, 165, 11, 3),
(2164, 165, 12, 3),
(2165, 166, 1, 3),
(2166, 166, 2, 3),
(2167, 166, 3, 3),
(2168, 166, 4, 3),
(2169, 166, 5, 3),
(2170, 166, 6, 3),
(2171, 166, 7, 3),
(2172, 166, 8, 3),
(2173, 166, 9, 3),
(2174, 166, 10, 3),
(2175, 166, 11, 3),
(2176, 166, 12, 3),
(2177, 167, 1, 3),
(2178, 167, 2, 3),
(2179, 167, 3, 3),
(2180, 167, 4, 3),
(2181, 167, 5, 3),
(2182, 167, 6, 3),
(2183, 167, 7, 3),
(2184, 167, 8, 3),
(2185, 167, 9, 3),
(2186, 167, 10, 3),
(2187, 167, 11, 3),
(2188, 167, 12, 3),
(2189, 168, 1, 3),
(2190, 168, 2, 3),
(2191, 168, 3, 3),
(2192, 168, 4, 3),
(2193, 168, 5, 3),
(2194, 168, 6, 3),
(2195, 168, 7, 3),
(2196, 168, 8, 3),
(2197, 168, 9, 3),
(2198, 168, 10, 3),
(2199, 168, 11, 3),
(2200, 168, 12, 3),
(2201, 169, 1, 3),
(2202, 169, 2, 3),
(2203, 169, 3, 3),
(2204, 169, 4, 3),
(2205, 169, 5, 3),
(2206, 169, 6, 3),
(2207, 169, 7, 3),
(2208, 169, 8, 3),
(2209, 169, 9, 3),
(2210, 169, 10, 3),
(2211, 169, 11, 3),
(2212, 169, 12, 3),
(2213, 170, 1, 3),
(2214, 170, 2, 3),
(2215, 170, 3, 3),
(2216, 170, 4, 3),
(2217, 170, 5, 3),
(2218, 170, 6, 3),
(2219, 170, 7, 3),
(2220, 170, 8, 3),
(2221, 170, 9, 3),
(2222, 170, 10, 3),
(2223, 170, 11, 3),
(2224, 170, 12, 3),
(2225, 171, 1, 3),
(2226, 171, 2, 3),
(2227, 171, 3, 3),
(2228, 171, 4, 3),
(2229, 171, 5, 3),
(2230, 171, 6, 3),
(2231, 171, 7, 3),
(2232, 171, 8, 3),
(2233, 171, 9, 3),
(2234, 171, 10, 3),
(2235, 171, 11, 3),
(2236, 171, 12, 3),
(2237, 172, 1, 3),
(2238, 172, 2, 3),
(2239, 172, 3, 3),
(2240, 172, 4, 3),
(2241, 172, 5, 3),
(2242, 172, 6, 3),
(2243, 172, 7, 3),
(2244, 172, 8, 3),
(2245, 172, 9, 3),
(2246, 172, 10, 3),
(2247, 172, 11, 3),
(2248, 172, 12, 3),
(2249, 173, 1, 3),
(2250, 173, 2, 3),
(2251, 173, 3, 3),
(2252, 173, 4, 3),
(2253, 173, 5, 3),
(2254, 173, 6, 3),
(2255, 173, 7, 3),
(2256, 173, 8, 3),
(2257, 173, 9, 3),
(2258, 173, 10, 3),
(2259, 173, 11, 3),
(2260, 173, 12, 3),
(2261, 174, 1, 3),
(2262, 174, 2, 3),
(2263, 174, 3, 3),
(2264, 174, 4, 3),
(2265, 174, 5, 3),
(2266, 174, 6, 3),
(2267, 174, 7, 3),
(2268, 174, 8, 3),
(2269, 174, 9, 3),
(2270, 174, 10, 3),
(2271, 174, 11, 3),
(2272, 174, 12, 3),
(2273, 175, 1, 3),
(2274, 175, 2, 3),
(2275, 175, 3, 3),
(2276, 175, 4, 3),
(2277, 175, 5, 3),
(2278, 175, 6, 3),
(2279, 175, 7, 3),
(2280, 175, 8, 3),
(2281, 175, 9, 3),
(2282, 175, 10, 3),
(2283, 175, 11, 3),
(2284, 176, 12, 3),
(2285, 176, 1, 3),
(2286, 176, 2, 3),
(2287, 176, 3, 3),
(2288, 176, 4, 3),
(2289, 176, 5, 3),
(2290, 176, 6, 3),
(2291, 176, 7, 3),
(2292, 176, 8, 3),
(2293, 176, 9, 3),
(2294, 176, 10, 3),
(2295, 176, 11, 3),
(2296, 176, 12, 3),
(2297, 177, 1, 3),
(2298, 177, 2, 3),
(2299, 177, 3, 3),
(2300, 177, 4, 3),
(2301, 177, 5, 3),
(2302, 177, 6, 3),
(2303, 177, 7, 3),
(2304, 177, 8, 3),
(2305, 177, 9, 3),
(2306, 177, 10, 3),
(2307, 177, 11, 3),
(2308, 177, 12, 3),
(2309, 178, 1, 3),
(2310, 178, 2, 3),
(2311, 178, 3, 3),
(2312, 178, 4, 3),
(2313, 178, 5, 3),
(2314, 178, 6, 3),
(2315, 178, 7, 3),
(2316, 178, 8, 3),
(2317, 178, 9, 3),
(2318, 178, 10, 3),
(2319, 178, 11, 3),
(2320, 178, 12, 3),
(2321, 179, 1, 3),
(2322, 179, 2, 3),
(2323, 179, 3, 3),
(2324, 179, 4, 3),
(2325, 179, 5, 3),
(2326, 179, 6, 3),
(2327, 179, 7, 3),
(2328, 179, 8, 3),
(2329, 179, 9, 3),
(2330, 179, 10, 3),
(2331, 179, 11, 3),
(2332, 179, 12, 3),
(2333, 180, 1, 3),
(2334, 180, 2, 3),
(2335, 180, 3, 3),
(2336, 180, 4, 3),
(2337, 180, 5, 3),
(2338, 180, 6, 3),
(2339, 180, 7, 3),
(2340, 180, 8, 3),
(2341, 180, 9, 3),
(2342, 180, 10, 3),
(2343, 180, 11, 3),
(2344, 180, 12, 3),
(2345, 181, 1, 3),
(2346, 181, 2, 3),
(2347, 181, 3, 3),
(2348, 181, 4, 3),
(2349, 181, 5, 3),
(2350, 181, 6, 3),
(2351, 181, 7, 3),
(2352, 181, 8, 3),
(2353, 181, 9, 3),
(2354, 181, 10, 3),
(2355, 181, 11, 3),
(2356, 181, 12, 3),
(2357, 182, 1, 3),
(2358, 182, 2, 3),
(2359, 182, 3, 3),
(2360, 182, 4, 3),
(2361, 182, 5, 3),
(2362, 182, 6, 3),
(2363, 182, 7, 3),
(2364, 182, 8, 3),
(2365, 182, 9, 3),
(2366, 182, 10, 3),
(2367, 182, 11, 3),
(2368, 182, 12, 3),
(2369, 183, 1, 3),
(2370, 183, 2, 3),
(2371, 183, 3, 3),
(2372, 183, 4, 3),
(2373, 183, 5, 3),
(2374, 183, 6, 3),
(2375, 183, 7, 3),
(2376, 183, 8, 3),
(2377, 183, 9, 3),
(2378, 183, 10, 3),
(2379, 183, 11, 3),
(2380, 183, 12, 3),
(2381, 184, 1, 3),
(2382, 184, 2, 3),
(2383, 184, 3, 3),
(2384, 184, 4, 3),
(2385, 184, 5, 3),
(2386, 184, 6, 3),
(2387, 184, 7, 3),
(2388, 184, 8, 3),
(2389, 184, 9, 3),
(2390, 184, 10, 3),
(2391, 184, 11, 3),
(2392, 184, 12, 3),
(2393, 102, 1, 3),
(2394, 185, 1, 3),
(2395, 185, 2, 3),
(2396, 185, 3, 3),
(2397, 185, 4, 3),
(2398, 185, 5, 3),
(2399, 185, 6, 3),
(2400, 185, 7, 3),
(2401, 185, 8, 3),
(2402, 185, 9, 3),
(2403, 185, 10, 3),
(2404, 185, 11, 3),
(2405, 185, 12, 3),
(2406, 186, 1, 3),
(2407, 186, 2, 3),
(2408, 186, 3, 3),
(2409, 186, 4, 3),
(2410, 186, 5, 3),
(2411, 186, 6, 3),
(2412, 186, 7, 3),
(2413, 186, 8, 3),
(2414, 186, 9, 3),
(2415, 186, 10, 3),
(2416, 186, 11, 3),
(2417, 186, 12, 3),
(2418, 187, 1, 3),
(2419, 187, 2, 3),
(2420, 187, 3, 3),
(2421, 187, 4, 3),
(2422, 187, 5, 3),
(2423, 187, 6, 3),
(2424, 187, 7, 3),
(2425, 187, 8, 3),
(2426, 187, 9, 3),
(2427, 187, 10, 3),
(2428, 187, 11, 3),
(2429, 187, 12, 3),
(2430, 188, 1, 3),
(2431, 188, 2, 3),
(2432, 188, 3, 3),
(2433, 188, 4, 3),
(2434, 188, 5, 3),
(2435, 188, 6, 3),
(2436, 188, 7, 3),
(2437, 188, 8, 3),
(2438, 188, 9, 3),
(2439, 188, 10, 3),
(2440, 188, 11, 3),
(2441, 189, 12, 3),
(2442, 189, 1, 3),
(2443, 189, 2, 3),
(2444, 189, 3, 3),
(2445, 189, 4, 3),
(2446, 189, 5, 3),
(2447, 189, 6, 3),
(2448, 189, 7, 3),
(2449, 189, 8, 3),
(2450, 189, 9, 3),
(2451, 189, 10, 3),
(2452, 189, 11, 3),
(2453, 189, 12, 3),
(2454, 190, 1, 3),
(2455, 190, 2, 3),
(2456, 190, 3, 3),
(2457, 190, 4, 3),
(2458, 190, 5, 3),
(2459, 190, 6, 3),
(2460, 190, 7, 3),
(2461, 190, 8, 3),
(2462, 190, 9, 3),
(2463, 190, 10, 3),
(2464, 190, 11, 3),
(2465, 190, 12, 3),
(2466, 191, 1, 3),
(2467, 191, 2, 3),
(2468, 191, 3, 3),
(2469, 191, 4, 3),
(2470, 191, 5, 3),
(2471, 191, 6, 3),
(2472, 191, 7, 3),
(2473, 191, 8, 3),
(2474, 191, 9, 3),
(2475, 191, 10, 3),
(2476, 191, 11, 3),
(2477, 191, 12, 3),
(2478, 192, 1, 3),
(2479, 192, 2, 3),
(2480, 192, 3, 3),
(2481, 192, 4, 3),
(2482, 192, 5, 3),
(2483, 192, 6, 3),
(2484, 192, 7, 3),
(2485, 192, 8, 3),
(2486, 192, 9, 3),
(2487, 192, 10, 3),
(2488, 192, 11, 3),
(2489, 192, 12, 3),
(2490, 193, 1, 3),
(2491, 193, 2, 3),
(2492, 193, 3, 3),
(2493, 193, 4, 3),
(2494, 193, 5, 3),
(2495, 193, 6, 3),
(2496, 193, 7, 3),
(2497, 193, 8, 3),
(2498, 193, 9, 3),
(2499, 193, 10, 3),
(2500, 193, 11, 3),
(2501, 193, 12, 3),
(2502, 194, 1, 3),
(2503, 194, 2, 3),
(2504, 194, 3, 3),
(2505, 194, 4, 3),
(2506, 194, 5, 3),
(2507, 194, 6, 3),
(2508, 194, 7, 3),
(2509, 194, 8, 3),
(2510, 194, 9, 3),
(2511, 194, 10, 3),
(2512, 194, 11, 3),
(2513, 194, 12, 3),
(2514, 195, 1, 3),
(2515, 195, 2, 3),
(2516, 195, 3, 3),
(2517, 195, 4, 3),
(2518, 195, 5, 3),
(2519, 195, 6, 3),
(2520, 195, 7, 3),
(2521, 195, 8, 3),
(2522, 195, 9, 3),
(2523, 195, 10, 3),
(2524, 195, 11, 3),
(2525, 195, 12, 3),
(2526, 196, 1, 3),
(2527, 196, 2, 3),
(2528, 196, 3, 3),
(2529, 196, 4, 3),
(2530, 196, 5, 3),
(2531, 196, 6, 3),
(2532, 196, 7, 3),
(2533, 196, 8, 3),
(2534, 196, 9, 3),
(2535, 196, 10, 3),
(2536, 196, 11, 3),
(2537, 196, 12, 3),
(2538, 197, 1, 3),
(2539, 197, 2, 3),
(2540, 197, 3, 3),
(2541, 197, 4, 3),
(2542, 197, 5, 3),
(2543, 197, 6, 3),
(2544, 197, 7, 3),
(2545, 197, 8, 3),
(2546, 197, 9, 3),
(2547, 197, 10, 3),
(2548, 197, 11, 3),
(2549, 197, 12, 3),
(2550, 198, 1, 3),
(2551, 198, 2, 3),
(2552, 198, 3, 3),
(2553, 198, 4, 3),
(2554, 198, 5, 3),
(2555, 198, 6, 3),
(2556, 198, 7, 3),
(2557, 198, 8, 3),
(2558, 198, 9, 3),
(2559, 198, 10, 3),
(2560, 198, 11, 3),
(2561, 198, 12, 3),
(2562, 199, 1, 3),
(2563, 199, 2, 3),
(2564, 199, 3, 3),
(2565, 199, 4, 3),
(2566, 199, 5, 3),
(2567, 199, 6, 3),
(2568, 199, 7, 3),
(2569, 199, 8, 3),
(2570, 199, 9, 3),
(2571, 199, 10, 3),
(2572, 199, 11, 3),
(2573, 199, 12, 3),
(2574, 199, 1, 3),
(2575, 199, 2, 3),
(2576, 199, 3, 3),
(2577, 199, 4, 3),
(2578, 199, 5, 3),
(2579, 199, 6, 3),
(2580, 199, 7, 3),
(2581, 199, 8, 3),
(2582, 199, 9, 3),
(2583, 199, 10, 3),
(2584, 199, 11, 3),
(2585, 199, 12, 3),
(2586, 200, 1, 3),
(2587, 200, 2, 3),
(2588, 200, 3, 3),
(2589, 200, 4, 3),
(2590, 200, 5, 3),
(2591, 200, 6, 3),
(2592, 200, 7, 3),
(2593, 200, 8, 3),
(2594, 200, 9, 3),
(2595, 200, 10, 3),
(2596, 200, 11, 3),
(2597, 200, 12, 3),
(2598, 201, 1, 3),
(2599, 201, 2, 3),
(2600, 201, 3, 3),
(2601, 201, 4, 3),
(2602, 201, 5, 3),
(2603, 201, 6, 3),
(2604, 201, 7, 3),
(2605, 201, 8, 3),
(2606, 201, 9, 3),
(2607, 201, 10, 3),
(2608, 201, 11, 3),
(2609, 201, 12, 3),
(2610, 202, 1, 3),
(2611, 202, 2, 3),
(2612, 202, 3, 3),
(2613, 202, 4, 3),
(2614, 202, 5, 3),
(2615, 202, 6, 3),
(2616, 202, 7, 3),
(2617, 202, 8, 3),
(2618, 202, 9, 3),
(2619, 202, 10, 3),
(2620, 202, 11, 3),
(2621, 202, 12, 3),
(2622, 203, 1, 3),
(2623, 203, 2, 3),
(2624, 203, 3, 3),
(2625, 203, 4, 3),
(2626, 203, 5, 3),
(2627, 203, 6, 3),
(2628, 203, 7, 3),
(2629, 203, 8, 3),
(2630, 203, 9, 3),
(2631, 203, 10, 3),
(2632, 203, 11, 3),
(2633, 203, 12, 3),
(2634, 204, 1, 3),
(2635, 204, 2, 3),
(2636, 204, 3, 3),
(2637, 204, 4, 3),
(2638, 204, 5, 3),
(2639, 204, 6, 3),
(2640, 204, 7, 3),
(2641, 204, 8, 3),
(2642, 204, 9, 3),
(2643, 204, 10, 3),
(2644, 204, 11, 3),
(2645, 204, 12, 3),
(2646, 205, 1, 3),
(2647, 205, 2, 3),
(2648, 205, 3, 3),
(2649, 205, 4, 3),
(2650, 205, 5, 3),
(2651, 205, 6, 3),
(2652, 205, 7, 3),
(2653, 205, 8, 3),
(2654, 205, 9, 3),
(2655, 205, 10, 3),
(2656, 205, 11, 3),
(2657, 205, 12, 3),
(2658, 206, 1, 3),
(2659, 206, 2, 3),
(2660, 206, 3, 3),
(2661, 206, 4, 3),
(2662, 206, 5, 3),
(2663, 206, 6, 3),
(2664, 206, 7, 3),
(2665, 206, 8, 3),
(2666, 206, 9, 3),
(2667, 206, 10, 3),
(2668, 206, 11, 3),
(2669, 206, 12, 3),
(2670, 207, 1, 3),
(2671, 207, 2, 3),
(2672, 207, 3, 3),
(2673, 207, 4, 3),
(2674, 207, 5, 3),
(2675, 207, 6, 3),
(2676, 207, 7, 3),
(2677, 207, 8, 3),
(2678, 207, 9, 3),
(2679, 207, 10, 3),
(2680, 207, 11, 3),
(2681, 207, 12, 3),
(2682, 208, 1, 3),
(2683, 208, 2, 3),
(2684, 208, 3, 3),
(2685, 208, 4, 3),
(2686, 208, 5, 3),
(2687, 208, 6, 3),
(2688, 208, 7, 3),
(2689, 208, 8, 3),
(2690, 208, 9, 3),
(2691, 208, 10, 3),
(2692, 208, 11, 3),
(2693, 208, 12, 3),
(2694, 209, 1, 3),
(2695, 209, 2, 3),
(2696, 209, 3, 3),
(2697, 209, 4, 3),
(2698, 209, 5, 3),
(2699, 209, 6, 3),
(2700, 209, 7, 3),
(2701, 209, 8, 3),
(2702, 209, 9, 3),
(2703, 209, 10, 3),
(2704, 209, 11, 3),
(2705, 209, 12, 3),
(2706, 210, 1, 3),
(2707, 210, 2, 3),
(2708, 210, 3, 3),
(2709, 210, 4, 3),
(2710, 210, 5, 3),
(2711, 210, 6, 3),
(2712, 210, 7, 3),
(2713, 210, 8, 3),
(2714, 210, 9, 3),
(2715, 210, 10, 3),
(2716, 210, 11, 3),
(2717, 210, 12, 3),
(2718, 211, 1, 3),
(2719, 211, 2, 3),
(2720, 211, 3, 3),
(2721, 211, 4, 3),
(2722, 211, 5, 3),
(2723, 211, 6, 3),
(2724, 211, 7, 3),
(2725, 211, 8, 3),
(2726, 211, 9, 3),
(2727, 211, 10, 3),
(2728, 211, 11, 3),
(2729, 211, 12, 3),
(2730, 212, 1, 3),
(2731, 212, 2, 3),
(2732, 212, 3, 3),
(2733, 212, 4, 3),
(2734, 212, 5, 3),
(2735, 212, 6, 3),
(2736, 212, 7, 3),
(2737, 212, 8, 3),
(2738, 212, 9, 3),
(2739, 212, 10, 3),
(2740, 212, 11, 3),
(2741, 212, 12, 3),
(2742, 213, 1, 3),
(2743, 213, 2, 3),
(2744, 213, 3, 3),
(2745, 213, 4, 3),
(2746, 213, 5, 3),
(2747, 213, 6, 3),
(2748, 213, 7, 3),
(2749, 213, 8, 3),
(2750, 213, 9, 3),
(2751, 213, 10, 3),
(2752, 213, 11, 3),
(2753, 213, 12, 3),
(2754, 214, 1, 3),
(2755, 214, 2, 3),
(2756, 214, 3, 3),
(2757, 214, 4, 3),
(2758, 214, 5, 3),
(2759, 214, 6, 3),
(2760, 214, 7, 3),
(2761, 214, 8, 3),
(2762, 214, 9, 3),
(2763, 214, 10, 3),
(2764, 214, 11, 3),
(2765, 214, 12, 3),
(2766, 215, 1, 3),
(2767, 215, 2, 3),
(2768, 215, 3, 3),
(2769, 215, 4, 3),
(2770, 215, 5, 3),
(2771, 215, 6, 3),
(2772, 215, 7, 3),
(2773, 215, 8, 3),
(2774, 215, 9, 3),
(2775, 215, 10, 3),
(2776, 215, 11, 3),
(2777, 215, 12, 3),
(2778, 216, 1, 3),
(2779, 216, 2, 3),
(2780, 216, 3, 3),
(2781, 216, 4, 3),
(2782, 216, 5, 3),
(2783, 216, 6, 3),
(2784, 216, 7, 3),
(2785, 216, 8, 3),
(2786, 216, 9, 3),
(2787, 216, 10, 3),
(2788, 216, 11, 3),
(2789, 216, 12, 3),
(2790, 217, 1, 3),
(2791, 217, 2, 3),
(2792, 217, 3, 3),
(2793, 217, 4, 3),
(2794, 217, 5, 3),
(2795, 217, 6, 3),
(2796, 217, 7, 3),
(2797, 217, 8, 3),
(2798, 217, 9, 3),
(2799, 217, 10, 3),
(2800, 217, 11, 3),
(2801, 217, 12, 3);

-- --------------------------------------------------------

--
-- Estructura de tabla para la tabla `tdoctor`
--

CREATE TABLE `tdoctor` (
  `rut` varchar(12) COLLATE utf8mb4_spanish2_ci NOT NULL,
  `idespecialidad` int(11) DEFAULT NULL
) ENGINE=InnoDB DEFAULT CHARSET=utf8mb4 COLLATE=utf8mb4_spanish2_ci;

--
-- Volcado de datos para la tabla `tdoctor`
--

INSERT INTO `tdoctor` (`rut`, `idespecialidad`) VALUES
('4456068-2', 1),
('5177566-k', 2),
('5651396-5', 4),
('6743386-6', 4),
('6051135-7', 5),
('9632340-9', 6),
('10028401-4', 7),
('10167655-2', 10),
('12037676-4', 12),
('12427980-1', 13),
('16639732-4', 15),
('22620478-4', 16);

-- --------------------------------------------------------

--
-- Estructura de tabla para la tabla `tespecialidad`
--

CREATE TABLE `tespecialidad` (
  `idespecialidad` int(11) NOT NULL,
  `especialidad` varchar(200) COLLATE utf8mb4_spanish2_ci DEFAULT NULL
) ENGINE=InnoDB DEFAULT CHARSET=utf8mb4 COLLATE=utf8mb4_spanish2_ci;

--
-- Volcado de datos para la tabla `tespecialidad`
--

INSERT INTO `tespecialidad` (`idespecialidad`, `especialidad`) VALUES
(1, 'Alergología'),
(2, 'Cardiología'),
(3, 'Gastroenterología'),
(4, 'Endocrinología'),
(5, 'Infectología'),
(6, 'Nefrología'),
(7, 'Neumología'),
(8, 'Neurología'),
(9, 'Nutriología'),
(10, 'Oftalmología'),
(11, 'Pediatría'),
(12, 'Psiquiatría'),
(13, 'Rehabilitación'),
(14, 'Reumatología'),
(15, 'Toxicología'),
(16, 'Urología');

-- --------------------------------------------------------

--
-- Estructura de tabla para la tabla `tfecha`
--

CREATE TABLE `tfecha` (
  `idfecha` int(11) NOT NULL,
  `fecha` date DEFAULT NULL
) ENGINE=InnoDB DEFAULT CHARSET=utf8mb4 COLLATE=utf8mb4_spanish2_ci;

--
-- Volcado de datos para la tabla `tfecha`
--

INSERT INTO `tfecha` (`idfecha`, `fecha`) VALUES
(71, '2019-07-02'),
(72, '2019-07-03'),
(73, '2019-07-04'),
(74, '2019-07-05'),
(75, '2019-07-08'),
(76, '2019-07-09'),
(77, '2019-07-10'),
(78, '2019-07-11'),
(79, '2019-07-12'),
(80, '2019-07-15'),
(81, '2019-07-16'),
(82, '2019-07-17'),
(83, '2019-07-18'),
(84, '2019-07-19'),
(85, '2019-07-22'),
(86, '2019-07-23'),
(87, '2019-07-24'),
(88, '2019-07-25'),
(89, '2019-07-26'),
(90, '2019-07-29'),
(91, '2019-07-30'),
(92, '2019-07-31'),
(93, '2019-08-01'),
(94, '2019-08-02'),
(95, '2019-08-05'),
(96, '2019-08-06'),
(97, '2019-08-05'),
(98, '2019-08-06'),
(99, '2019-08-07'),
(100, '2019-08-08'),
(101, '2019-08-09'),
(102, '2019-08-12'),
(103, '2019-08-13'),
(104, '2019-08-14'),
(106, '2019-08-16'),
(107, '2019-08-19'),
(108, '2019-08-20'),
(109, '2019-08-21'),
(110, '2019-08-22'),
(111, '2019-08-23'),
(112, '2019-08-26'),
(113, '2019-08-27'),
(114, '2019-08-28'),
(115, '2019-08-29'),
(116, '2019-08-30'),
(117, '2019-09-02'),
(118, '2019-09-03'),
(119, '2019-09-04'),
(120, '2019-09-05'),
(121, '2019-09-06'),
(122, '2019-09-09'),
(123, '2019-09-10'),
(124, '2019-09-11'),
(125, '2019-09-12'),
(126, '2019-09-13'),
(127, '2019-09-16'),
(128, '2019-09-17'),
(129, '2019-09-18'),
(130, '2019-09-19'),
(131, '2019-09-20'),
(132, '2019-09-23'),
(133, '2019-09-24'),
(134, '2019-09-25'),
(135, '2019-09-26'),
(136, '2019-09-27'),
(137, '2019-09-30'),
(138, '2019-10-01'),
(139, '2019-10-02'),
(140, '2019-10-03'),
(141, '2019-10-04'),
(142, '2019-10-07'),
(143, '2019-10-08'),
(144, '2019-10-09'),
(145, '2019-10-10'),
(146, '2019-10-11'),
(147, '2019-10-14'),
(148, '2019-10-15'),
(149, '2019-10-16'),
(150, '2019-10-17'),
(151, '2019-10-18'),
(152, '2019-10-21'),
(153, '2019-10-22'),
(154, '2019-10-23'),
(155, '2019-10-24'),
(156, '2019-10-25'),
(157, '2019-10-28'),
(158, '2019-10-29'),
(159, '2019-10-30'),
(160, '2019-10-31'),
(161, '2019-11-04'),
(162, '2019-11-05'),
(163, '2019-11-06'),
(164, '2019-11-07'),
(165, '2019-11-08'),
(166, '2019-11-09'),
(167, '2019-11-11'),
(168, '2019-11-12'),
(169, '2019-11-13'),
(170, '2019-11-14'),
(171, '2019-11-15'),
(172, '2019-11-18'),
(173, '2019-11-19'),
(174, '2019-11-20'),
(175, '2019-11-21'),
(176, '2019-11-22'),
(177, '2019-11-25'),
(178, '2019-11-26'),
(179, '2019-11-27'),
(180, '2019-11-28'),
(181, '2019-11-29'),
(182, '2019-12-02'),
(183, '2019-12-03'),
(184, '2019-12-04'),
(185, '2019-12-05'),
(186, '2019-12-09'),
(187, '2019-12-10'),
(188, '2019-12-11'),
(189, '2019-12-12'),
(190, '2019-12-13'),
(191, '2019-12-16'),
(192, '2019-12-17'),
(193, '2019-12-18'),
(194, '2019-12-19'),
(195, '2019-12-20'),
(196, '2019-12-23'),
(197, '2019-12-24'),
(198, '2019-12-26'),
(199, '2019-12-27'),
(200, '2019-12-30'),
(201, '2019-12-31');

-- --------------------------------------------------------

--
-- Estructura de tabla para la tabla `tfechahora`
--

CREATE TABLE `tfechahora` (
  `idfechahora` int(11) NOT NULL,
  `idfecha` int(11) NOT NULL,
  `idhora` int(11) NOT NULL
) ENGINE=InnoDB DEFAULT CHARSET=utf8mb4 COLLATE=utf8mb4_spanish2_ci;

--
-- Volcado de datos para la tabla `tfechahora`
--

INSERT INTO `tfechahora` (`idfechahora`, `idfecha`, `idhora`) VALUES
(11, 201, 1),
(12, 201, 2),
(13, 201, 3),
(14, 201, 4),
(15, 201, 5),
(16, 201, 6),
(17, 201, 7),
(18, 201, 8),
(19, 201, 9),
(20, 201, 10),
(21, 201, 11),
(22, 201, 12),
(23, 201, 13),
(24, 201, 14),
(25, 201, 15),
(26, 201, 16),
(27, 201, 17),
(28, 201, 18),
(29, 201, 19),
(30, 201, 20),
(31, 201, 21),
(32, 201, 22),
(33, 201, 23),
(34, 201, 24),
(35, 201, 25),
(36, 201, 26),
(37, 201, 27),
(38, 201, 28),
(39, 201, 29),
(40, 201, 30),
(41, 201, 31),
(42, 201, 32),
(43, 201, 33),
(44, 201, 34),
(45, 201, 35),
(46, 201, 36),
(47, 201, 37),
(48, 201, 38),
(49, 201, 39),
(50, 201, 40),
(51, 201, 41),
(52, 201, 42),
(53, 201, 43),
(54, 201, 44),
(55, 201, 45),
(56, 200, 1),
(57, 200, 2),
(58, 200, 3),
(59, 200, 4),
(60, 200, 5),
(61, 200, 6),
(62, 200, 7),
(63, 200, 8),
(64, 200, 9),
(65, 200, 10),
(66, 200, 11),
(67, 200, 12),
(68, 200, 13),
(69, 200, 14),
(70, 200, 15),
(71, 200, 16),
(72, 200, 17),
(73, 200, 18),
(74, 200, 19),
(75, 200, 20),
(76, 200, 21),
(77, 200, 22),
(78, 200, 23),
(79, 200, 24),
(80, 200, 25),
(81, 200, 26),
(82, 200, 27),
(83, 200, 28),
(84, 200, 29),
(85, 200, 30),
(86, 200, 31),
(87, 200, 32),
(88, 200, 33),
(89, 200, 34),
(90, 200, 35),
(91, 200, 36),
(92, 200, 37),
(93, 200, 38),
(94, 200, 39),
(95, 200, 40),
(96, 200, 41),
(97, 200, 42),
(98, 200, 43),
(99, 200, 44),
(100, 200, 45),
(101, 199, 1),
(102, 199, 2),
(103, 199, 3),
(104, 199, 4),
(105, 199, 5),
(106, 199, 6),
(107, 199, 7),
(108, 199, 8),
(109, 199, 9),
(110, 199, 10),
(111, 199, 11),
(112, 199, 12),
(113, 199, 13),
(114, 199, 14),
(115, 199, 15),
(116, 199, 16),
(117, 199, 17),
(118, 199, 18),
(119, 199, 19),
(120, 199, 20),
(121, 199, 21),
(122, 199, 22),
(123, 199, 23),
(124, 199, 24),
(125, 199, 25),
(126, 199, 26),
(127, 199, 27),
(128, 199, 28),
(129, 199, 29),
(130, 199, 30),
(131, 199, 31),
(132, 199, 32),
(133, 199, 33),
(134, 199, 34),
(135, 199, 35),
(136, 199, 36),
(137, 199, 37),
(138, 199, 38),
(139, 199, 39),
(140, 199, 40),
(141, 199, 41),
(142, 199, 42),
(143, 199, 43),
(144, 199, 44),
(145, 199, 45),
(146, 198, 1),
(147, 198, 2),
(148, 198, 3),
(149, 198, 4),
(150, 198, 5),
(151, 198, 6),
(152, 198, 7),
(153, 198, 8),
(154, 198, 9),
(155, 198, 10),
(156, 198, 11),
(157, 198, 12),
(158, 198, 13),
(159, 198, 14),
(160, 198, 15),
(161, 198, 16),
(162, 198, 17),
(163, 198, 18),
(164, 198, 19),
(165, 198, 20),
(166, 198, 21),
(167, 198, 22),
(168, 198, 23),
(169, 198, 24),
(170, 198, 25),
(171, 198, 26),
(172, 198, 27),
(173, 198, 28),
(174, 198, 29),
(175, 198, 30),
(176, 198, 31),
(177, 198, 32),
(178, 198, 33),
(179, 198, 34),
(180, 198, 35),
(181, 198, 36),
(182, 198, 37),
(183, 198, 38),
(184, 198, 39),
(185, 198, 40),
(186, 198, 41),
(187, 198, 42),
(188, 198, 43),
(189, 198, 44),
(190, 198, 45),
(191, 197, 1),
(192, 197, 2),
(193, 197, 3),
(194, 197, 4),
(195, 197, 5),
(196, 197, 6),
(197, 197, 7),
(198, 197, 8),
(199, 197, 9),
(200, 197, 10),
(201, 197, 11),
(202, 197, 12),
(203, 197, 13),
(204, 197, 14),
(205, 197, 15),
(206, 197, 16),
(207, 197, 17),
(208, 197, 18),
(209, 197, 19),
(210, 197, 20),
(211, 197, 21),
(212, 197, 22),
(213, 197, 23),
(214, 197, 24),
(215, 197, 25),
(216, 197, 26),
(217, 197, 27),
(218, 197, 28),
(219, 197, 29),
(220, 197, 30),
(221, 197, 31),
(222, 197, 32),
(223, 197, 33),
(224, 197, 34),
(225, 197, 35),
(226, 197, 36),
(227, 197, 37),
(228, 197, 38),
(229, 197, 39),
(230, 197, 40),
(231, 197, 41),
(232, 197, 42),
(233, 197, 43),
(234, 197, 44),
(235, 197, 45),
(236, 196, 1),
(237, 196, 2),
(238, 196, 3),
(239, 196, 4),
(240, 196, 5),
(241, 196, 6),
(242, 196, 7),
(243, 196, 8),
(244, 196, 9),
(245, 196, 10),
(246, 196, 11),
(247, 196, 12),
(248, 196, 13),
(249, 196, 14),
(250, 196, 15),
(251, 196, 16),
(252, 196, 17),
(253, 196, 18),
(254, 196, 19),
(255, 196, 20),
(256, 196, 21),
(257, 196, 22),
(258, 196, 23),
(259, 196, 24),
(260, 196, 25),
(261, 196, 26),
(262, 196, 27),
(263, 196, 28),
(264, 196, 29),
(265, 196, 30),
(266, 196, 31),
(267, 196, 32),
(268, 196, 33),
(269, 196, 34),
(270, 196, 35),
(271, 196, 36),
(272, 196, 37),
(273, 196, 38),
(274, 196, 39),
(275, 196, 40),
(276, 196, 41),
(277, 196, 42),
(278, 196, 43),
(279, 196, 44),
(280, 196, 45),
(281, 195, 1),
(282, 195, 2),
(283, 195, 3),
(284, 195, 4),
(285, 195, 5),
(286, 195, 6),
(287, 195, 7),
(288, 195, 8),
(289, 195, 9),
(290, 195, 10),
(291, 195, 11),
(292, 195, 12),
(293, 195, 13),
(294, 195, 14),
(295, 195, 15),
(296, 195, 16),
(297, 195, 17),
(298, 195, 18),
(299, 195, 19),
(300, 195, 20),
(301, 195, 21),
(302, 195, 22),
(303, 195, 23),
(304, 195, 24),
(305, 195, 25),
(306, 195, 26),
(307, 195, 27),
(308, 195, 28),
(309, 195, 29),
(310, 195, 30),
(311, 195, 31),
(312, 195, 32),
(313, 195, 33),
(314, 195, 34),
(315, 195, 35),
(316, 195, 36),
(317, 195, 37),
(318, 195, 38),
(319, 195, 39),
(320, 195, 40),
(321, 195, 41),
(322, 195, 42),
(323, 195, 43),
(324, 195, 44),
(325, 195, 45),
(326, 194, 1),
(327, 194, 2),
(328, 194, 3),
(329, 194, 4),
(330, 194, 5),
(331, 194, 6),
(332, 194, 7),
(333, 194, 8),
(334, 194, 9),
(335, 194, 10),
(336, 194, 11),
(337, 194, 12),
(338, 194, 13),
(339, 194, 14),
(340, 194, 15),
(341, 194, 16),
(342, 194, 17),
(343, 194, 18),
(344, 194, 19),
(345, 194, 20),
(346, 194, 21),
(347, 194, 22),
(348, 194, 23),
(349, 194, 24),
(350, 194, 25),
(351, 194, 26),
(352, 194, 27),
(353, 194, 28),
(354, 194, 29),
(355, 194, 30),
(356, 194, 31),
(357, 194, 32),
(358, 194, 33),
(359, 194, 34),
(360, 194, 35),
(361, 194, 36),
(362, 194, 37),
(363, 194, 38),
(364, 194, 39),
(365, 194, 40),
(366, 194, 41),
(367, 194, 42),
(368, 194, 43),
(369, 194, 44),
(370, 194, 45),
(371, 193, 1),
(372, 193, 2),
(373, 193, 3),
(374, 193, 4),
(375, 193, 5),
(376, 193, 6),
(377, 193, 7),
(378, 193, 8),
(379, 193, 9),
(380, 193, 10),
(381, 193, 11),
(382, 193, 12),
(383, 193, 13),
(384, 193, 14),
(385, 193, 15),
(386, 193, 16),
(387, 193, 17),
(388, 193, 18),
(389, 193, 19),
(390, 193, 20),
(391, 193, 21),
(392, 193, 22),
(393, 193, 23),
(394, 193, 24),
(395, 193, 25),
(396, 193, 26),
(397, 193, 27),
(398, 193, 28),
(399, 193, 29),
(400, 193, 30),
(401, 193, 31),
(402, 193, 32),
(403, 193, 33),
(404, 193, 34),
(405, 193, 35),
(406, 193, 36),
(407, 193, 37),
(408, 193, 38),
(409, 193, 39),
(410, 193, 40),
(411, 193, 41),
(412, 193, 42),
(413, 193, 43),
(414, 193, 44),
(415, 193, 45),
(416, 193, 1),
(417, 193, 2),
(418, 193, 3),
(419, 193, 4),
(420, 193, 5),
(421, 193, 6),
(422, 193, 7),
(423, 193, 8),
(424, 193, 9),
(425, 193, 10),
(426, 193, 11),
(427, 193, 12),
(428, 193, 13),
(429, 193, 14),
(430, 193, 15),
(431, 193, 16),
(432, 193, 17),
(433, 193, 18),
(434, 193, 19),
(435, 193, 20),
(436, 193, 21),
(437, 193, 22),
(438, 193, 23),
(439, 193, 24),
(440, 193, 25),
(441, 193, 26),
(442, 193, 27),
(443, 193, 28),
(444, 193, 29),
(445, 193, 30),
(446, 193, 31),
(447, 193, 32),
(448, 193, 33),
(449, 193, 34),
(450, 193, 35),
(451, 193, 36),
(452, 193, 37),
(453, 193, 38),
(454, 193, 39),
(455, 193, 40),
(456, 193, 41),
(457, 193, 42),
(458, 193, 43),
(459, 193, 44),
(460, 193, 45),
(461, 192, 1),
(462, 192, 2),
(463, 192, 3),
(464, 192, 4),
(465, 192, 5),
(466, 192, 6),
(467, 192, 7),
(468, 192, 8),
(469, 192, 9),
(470, 192, 10),
(471, 192, 11),
(472, 192, 12),
(473, 192, 13),
(474, 192, 14),
(475, 192, 15),
(476, 192, 16),
(477, 192, 17),
(478, 192, 18),
(479, 192, 19),
(480, 192, 20),
(481, 192, 21),
(482, 192, 22),
(483, 192, 23),
(484, 192, 24),
(485, 192, 25),
(486, 192, 26),
(487, 192, 27),
(488, 192, 28),
(489, 192, 29),
(490, 192, 30),
(491, 192, 31),
(492, 192, 32),
(493, 192, 33),
(494, 192, 34),
(495, 192, 35),
(496, 192, 36),
(497, 192, 37),
(498, 192, 38),
(499, 192, 39),
(500, 192, 40),
(501, 192, 41),
(502, 192, 42),
(503, 192, 43),
(504, 192, 44),
(505, 192, 45),
(506, 189, 1),
(507, 189, 2),
(508, 189, 3),
(509, 189, 4),
(510, 189, 5),
(511, 189, 6),
(512, 189, 7),
(513, 189, 8),
(514, 189, 9),
(515, 189, 10),
(516, 189, 11),
(517, 189, 12),
(518, 189, 13),
(519, 189, 14),
(520, 189, 15),
(521, 189, 16),
(522, 189, 17),
(523, 189, 18),
(524, 189, 19),
(525, 189, 20),
(526, 189, 21),
(527, 189, 22),
(528, 189, 23),
(529, 189, 24),
(530, 189, 25),
(531, 189, 26),
(532, 189, 27),
(533, 189, 28),
(534, 189, 29),
(535, 189, 30),
(536, 189, 31),
(537, 189, 32),
(538, 189, 33),
(539, 189, 34),
(540, 189, 35),
(541, 189, 36),
(542, 189, 37),
(543, 189, 38),
(544, 189, 39),
(545, 189, 40),
(546, 189, 41),
(547, 189, 42),
(548, 189, 43),
(549, 189, 44),
(550, 189, 45),
(551, 190, 1),
(552, 190, 2),
(553, 190, 3),
(554, 190, 4),
(555, 190, 5),
(556, 190, 6),
(557, 190, 7),
(558, 190, 8),
(559, 190, 9),
(560, 190, 10),
(561, 190, 11),
(562, 190, 12),
(563, 190, 13),
(564, 190, 14),
(565, 190, 15),
(566, 190, 16),
(567, 190, 17),
(568, 190, 18),
(569, 190, 19),
(570, 190, 20),
(571, 190, 21),
(572, 190, 22),
(573, 190, 23),
(574, 190, 24),
(575, 190, 25),
(576, 190, 26),
(577, 190, 27),
(578, 190, 28),
(579, 190, 29),
(580, 190, 30),
(581, 190, 31),
(582, 190, 32),
(583, 190, 33),
(584, 190, 34),
(585, 190, 35),
(586, 190, 36),
(587, 190, 37),
(588, 190, 38),
(589, 190, 39),
(590, 190, 40),
(591, 190, 41),
(592, 190, 42),
(593, 190, 43),
(594, 190, 44),
(595, 190, 45),
(596, 188, 1),
(597, 188, 2),
(598, 188, 1),
(599, 188, 2),
(600, 188, 3),
(601, 188, 4),
(602, 188, 5),
(603, 188, 6),
(604, 188, 7),
(605, 188, 8),
(606, 188, 9),
(607, 188, 10),
(608, 188, 11),
(609, 188, 12),
(610, 188, 13),
(611, 188, 14),
(612, 188, 15),
(613, 188, 16),
(614, 188, 17),
(615, 188, 18),
(616, 188, 19),
(617, 188, 20),
(618, 188, 21),
(619, 188, 22),
(620, 188, 23),
(621, 188, 24),
(622, 188, 25),
(623, 188, 26),
(624, 188, 27),
(625, 188, 28),
(626, 188, 29),
(627, 188, 30),
(628, 188, 31),
(629, 188, 32),
(630, 188, 33),
(631, 188, 34),
(632, 188, 35),
(633, 188, 36),
(634, 188, 37),
(635, 188, 38),
(636, 188, 39),
(637, 188, 40),
(638, 188, 41),
(639, 188, 42),
(640, 188, 43),
(641, 188, 44),
(642, 188, 45),
(643, 187, 1),
(644, 187, 2),
(645, 187, 3),
(646, 187, 4),
(647, 187, 5),
(648, 187, 6),
(649, 187, 7),
(650, 187, 8),
(651, 187, 9),
(652, 187, 10),
(653, 187, 11),
(654, 187, 12),
(655, 187, 13),
(656, 187, 14),
(657, 187, 15),
(658, 187, 16),
(659, 187, 17),
(660, 187, 18),
(661, 187, 19),
(662, 187, 20),
(663, 187, 21),
(664, 187, 22),
(665, 187, 23),
(666, 187, 24),
(667, 187, 25),
(668, 187, 26),
(669, 187, 27),
(670, 187, 28),
(671, 187, 29),
(672, 187, 30),
(673, 187, 31),
(674, 187, 32),
(675, 187, 33),
(676, 187, 34),
(677, 187, 35),
(678, 187, 36),
(679, 187, 37),
(680, 187, 38),
(681, 187, 39),
(682, 187, 40),
(683, 187, 41),
(684, 187, 42),
(685, 187, 43),
(686, 187, 44),
(687, 187, 45),
(688, 186, 1),
(689, 186, 2),
(690, 186, 3),
(691, 186, 4),
(692, 186, 5),
(693, 186, 6),
(694, 186, 7),
(695, 186, 8),
(696, 186, 9),
(697, 186, 10),
(698, 186, 11),
(699, 186, 12),
(700, 186, 13),
(701, 186, 14),
(702, 186, 15),
(703, 186, 16),
(704, 186, 17),
(705, 186, 18),
(706, 186, 19),
(707, 186, 20),
(708, 186, 21),
(709, 186, 22),
(710, 186, 23),
(711, 186, 24),
(712, 186, 25),
(713, 186, 26),
(714, 186, 27),
(715, 186, 28),
(716, 186, 29),
(717, 186, 30),
(718, 186, 31),
(719, 186, 32),
(720, 186, 33),
(721, 186, 34),
(722, 186, 35),
(723, 186, 36),
(724, 186, 37),
(725, 186, 38),
(726, 186, 39),
(727, 186, 40),
(728, 186, 41),
(729, 186, 42),
(730, 186, 43),
(731, 186, 44),
(732, 186, 45),
(733, 185, 1),
(734, 185, 2),
(735, 185, 3),
(736, 185, 4),
(737, 185, 5),
(738, 185, 6),
(739, 185, 7),
(740, 185, 8),
(741, 185, 9),
(742, 185, 10),
(743, 185, 11),
(744, 185, 12),
(745, 185, 13),
(746, 185, 14),
(747, 185, 15),
(748, 185, 16),
(749, 185, 17),
(750, 185, 18),
(751, 185, 19),
(752, 185, 20),
(753, 185, 21),
(754, 185, 22),
(755, 185, 23),
(756, 185, 24),
(757, 185, 25),
(758, 185, 26),
(759, 185, 27),
(760, 185, 28),
(761, 185, 29),
(762, 185, 30),
(763, 185, 31),
(764, 185, 32),
(765, 185, 33),
(766, 185, 34),
(767, 185, 35),
(768, 185, 36),
(769, 185, 37),
(770, 185, 38),
(771, 185, 39),
(772, 185, 40),
(773, 185, 41),
(774, 185, 42),
(775, 185, 43),
(776, 185, 44),
(777, 185, 45),
(778, 184, 1),
(779, 184, 2),
(780, 184, 3),
(781, 184, 4),
(782, 184, 5),
(783, 184, 6),
(784, 184, 7),
(785, 184, 8),
(786, 184, 9),
(787, 184, 10),
(788, 184, 11),
(789, 184, 12),
(790, 184, 13),
(791, 184, 14),
(792, 184, 15),
(793, 184, 16),
(794, 184, 17),
(795, 184, 18),
(796, 184, 19),
(797, 184, 20),
(798, 184, 21),
(799, 184, 22),
(800, 184, 23),
(801, 184, 24),
(802, 184, 25),
(803, 184, 26),
(804, 184, 27),
(805, 184, 28),
(806, 184, 29),
(807, 184, 30),
(808, 184, 31),
(809, 184, 32),
(810, 184, 33),
(811, 184, 34),
(812, 184, 35),
(813, 184, 36),
(814, 184, 37),
(815, 184, 38),
(816, 184, 39),
(817, 184, 40),
(818, 184, 41),
(819, 184, 42),
(820, 184, 43),
(821, 184, 44),
(822, 184, 45),
(823, 183, 1),
(824, 183, 2),
(825, 183, 3),
(826, 183, 4),
(827, 183, 5),
(828, 183, 6),
(829, 183, 7),
(830, 183, 8),
(831, 183, 9),
(832, 183, 10),
(833, 183, 11),
(834, 183, 12),
(835, 183, 13),
(836, 183, 14),
(837, 183, 15),
(838, 183, 16),
(839, 183, 17),
(840, 183, 18),
(841, 183, 19),
(842, 183, 20),
(843, 183, 21),
(844, 183, 22),
(845, 183, 23),
(846, 183, 24),
(847, 183, 25),
(848, 183, 26),
(849, 183, 27),
(850, 183, 28),
(851, 183, 29),
(852, 183, 30),
(853, 183, 31),
(854, 183, 32),
(855, 183, 33),
(856, 183, 34),
(857, 183, 35),
(858, 183, 36),
(859, 183, 37),
(860, 183, 38),
(861, 183, 39),
(862, 183, 40),
(863, 183, 41),
(864, 183, 42),
(865, 183, 43),
(866, 183, 44),
(867, 183, 45),
(868, 182, 1),
(869, 182, 2),
(870, 182, 3),
(871, 182, 4),
(872, 182, 5),
(873, 182, 6),
(874, 182, 7),
(875, 182, 8),
(876, 182, 9),
(877, 182, 10),
(878, 182, 11),
(879, 182, 12),
(880, 182, 13),
(881, 182, 14),
(882, 182, 15),
(883, 182, 16),
(884, 182, 17),
(885, 182, 18),
(886, 182, 19),
(887, 182, 20),
(888, 182, 21),
(889, 182, 22),
(890, 182, 23),
(891, 182, 24),
(892, 182, 25),
(893, 182, 26),
(894, 182, 27),
(895, 182, 28),
(896, 182, 29),
(897, 182, 30),
(898, 182, 31),
(899, 182, 32),
(900, 182, 33),
(901, 182, 34),
(902, 182, 35),
(903, 182, 36),
(904, 182, 37),
(905, 182, 38),
(906, 182, 39),
(907, 182, 40),
(908, 182, 41),
(909, 182, 42),
(910, 182, 43),
(911, 182, 44),
(912, 182, 45),
(913, 181, 1),
(914, 181, 2),
(915, 181, 3),
(916, 181, 4),
(917, 181, 5),
(918, 181, 6),
(919, 181, 7),
(920, 181, 8),
(921, 181, 9),
(922, 181, 10),
(923, 181, 11),
(924, 181, 12),
(925, 181, 13),
(926, 181, 14),
(927, 181, 15),
(928, 181, 16),
(929, 181, 17),
(930, 181, 18),
(931, 181, 19),
(932, 181, 20),
(933, 181, 21),
(934, 181, 22),
(935, 181, 23),
(936, 181, 24),
(937, 181, 25),
(938, 181, 26),
(939, 181, 27),
(940, 181, 28),
(941, 181, 29),
(942, 181, 30),
(943, 181, 31),
(944, 181, 32),
(945, 181, 33),
(946, 181, 34),
(947, 181, 35),
(948, 181, 36),
(949, 181, 37),
(950, 181, 38),
(951, 181, 39),
(952, 181, 40),
(953, 181, 41),
(954, 181, 42),
(955, 181, 43),
(956, 181, 44),
(957, 181, 45),
(958, 180, 1),
(959, 180, 2),
(960, 180, 3),
(961, 180, 4),
(962, 180, 5),
(963, 180, 6),
(964, 180, 7),
(965, 180, 8),
(966, 180, 9),
(967, 180, 10),
(968, 180, 11),
(969, 180, 12),
(970, 180, 13),
(971, 180, 14),
(972, 180, 15),
(973, 180, 16),
(974, 180, 17),
(975, 180, 18),
(976, 180, 19),
(977, 180, 20),
(978, 180, 21),
(979, 180, 22),
(980, 180, 23),
(981, 180, 24),
(982, 180, 25),
(983, 180, 26),
(984, 180, 27),
(985, 180, 28),
(986, 180, 29),
(987, 180, 30),
(988, 180, 31),
(989, 180, 32),
(990, 180, 33),
(991, 180, 34),
(992, 180, 35),
(993, 180, 36),
(994, 180, 37),
(995, 180, 38),
(996, 180, 39),
(997, 180, 40),
(998, 180, 41),
(999, 180, 42),
(1000, 180, 43),
(1001, 180, 44),
(1002, 180, 45),
(1003, 179, 1),
(1004, 179, 2),
(1005, 179, 3),
(1006, 179, 4),
(1007, 179, 5),
(1008, 179, 6),
(1009, 179, 7),
(1010, 179, 8),
(1011, 179, 9),
(1012, 179, 10),
(1013, 179, 11),
(1014, 179, 12),
(1015, 179, 13),
(1016, 179, 14),
(1017, 179, 15),
(1018, 179, 16),
(1019, 179, 17),
(1020, 179, 18),
(1021, 179, 19),
(1022, 179, 20),
(1023, 179, 21),
(1024, 179, 22),
(1025, 179, 23),
(1026, 179, 24),
(1027, 179, 25),
(1028, 179, 26),
(1029, 179, 27),
(1030, 179, 28),
(1031, 179, 29),
(1032, 179, 30),
(1033, 179, 31),
(1034, 179, 32),
(1035, 179, 33),
(1036, 179, 34),
(1037, 179, 35),
(1038, 179, 36),
(1039, 179, 37),
(1040, 179, 38),
(1041, 179, 39),
(1042, 179, 40),
(1043, 179, 41),
(1044, 179, 42),
(1045, 179, 43),
(1046, 179, 44),
(1047, 179, 45),
(1048, 178, 1),
(1049, 178, 2),
(1050, 178, 3),
(1051, 178, 4),
(1052, 178, 5),
(1053, 178, 6),
(1054, 178, 7),
(1055, 178, 8),
(1056, 178, 9),
(1057, 178, 10),
(1058, 178, 11),
(1059, 178, 12),
(1060, 178, 13),
(1061, 178, 14),
(1062, 178, 15),
(1063, 178, 16),
(1064, 178, 17),
(1065, 178, 18),
(1066, 178, 19),
(1067, 178, 20),
(1068, 178, 21),
(1069, 178, 22),
(1070, 178, 23),
(1071, 178, 24),
(1072, 178, 25),
(1073, 178, 26),
(1074, 178, 27),
(1075, 178, 28),
(1076, 178, 29),
(1077, 178, 30),
(1078, 178, 31),
(1079, 178, 32),
(1080, 178, 33),
(1081, 178, 34),
(1082, 178, 35),
(1083, 178, 36),
(1084, 178, 37),
(1085, 178, 38),
(1086, 178, 39),
(1087, 178, 40),
(1088, 178, 41),
(1089, 178, 42),
(1090, 178, 43),
(1091, 178, 44),
(1092, 178, 45),
(1093, 177, 1),
(1094, 177, 2),
(1095, 177, 3),
(1096, 177, 4),
(1097, 177, 5),
(1098, 177, 6),
(1099, 177, 7),
(1100, 177, 8),
(1101, 177, 9),
(1102, 177, 10),
(1103, 177, 11),
(1104, 177, 12),
(1105, 177, 13),
(1106, 177, 14),
(1107, 177, 15),
(1108, 177, 16),
(1109, 177, 17),
(1110, 177, 18),
(1111, 177, 19),
(1112, 177, 20),
(1113, 177, 21),
(1114, 177, 22),
(1115, 177, 23),
(1116, 177, 24),
(1117, 177, 25),
(1118, 177, 26),
(1119, 177, 27),
(1120, 177, 28),
(1121, 177, 29),
(1122, 177, 30),
(1123, 177, 31),
(1124, 177, 32),
(1125, 177, 33),
(1126, 177, 34),
(1127, 177, 35),
(1128, 177, 36),
(1129, 177, 37),
(1130, 177, 38),
(1131, 177, 39),
(1132, 177, 40),
(1133, 177, 41),
(1134, 177, 42),
(1135, 177, 43),
(1136, 177, 44),
(1137, 177, 45),
(1138, 176, 1),
(1139, 176, 2),
(1140, 176, 3),
(1141, 176, 4),
(1142, 176, 5),
(1143, 176, 6),
(1144, 176, 7),
(1145, 176, 8),
(1146, 176, 9),
(1147, 176, 10),
(1148, 176, 11),
(1149, 176, 12),
(1150, 176, 13),
(1151, 176, 14),
(1152, 176, 15),
(1153, 176, 16),
(1154, 176, 17),
(1155, 176, 18),
(1156, 176, 19),
(1157, 176, 20),
(1158, 176, 21),
(1159, 176, 22),
(1160, 176, 23),
(1161, 176, 24),
(1162, 176, 25),
(1163, 176, 26),
(1164, 176, 27),
(1165, 176, 28),
(1166, 176, 29),
(1167, 176, 30),
(1168, 176, 31),
(1169, 176, 32),
(1170, 176, 33),
(1171, 176, 34),
(1172, 176, 35),
(1173, 176, 36),
(1174, 176, 37),
(1175, 176, 38),
(1176, 176, 39),
(1177, 176, 40),
(1178, 176, 41),
(1179, 176, 42),
(1180, 176, 43),
(1181, 176, 44),
(1182, 176, 45),
(1183, 175, 1),
(1184, 175, 2),
(1185, 175, 3),
(1186, 175, 4),
(1187, 175, 5),
(1188, 175, 6),
(1189, 175, 7),
(1190, 175, 8),
(1191, 175, 9),
(1192, 175, 10),
(1193, 175, 11),
(1194, 175, 12),
(1195, 175, 13),
(1196, 175, 14),
(1197, 175, 15),
(1198, 175, 16),
(1199, 175, 17),
(1200, 175, 18),
(1201, 175, 19),
(1202, 175, 20),
(1203, 175, 21),
(1204, 175, 22),
(1205, 175, 23),
(1206, 175, 24),
(1207, 175, 25),
(1208, 175, 26),
(1209, 175, 27),
(1210, 175, 28),
(1211, 175, 29),
(1212, 175, 30),
(1213, 175, 31),
(1214, 175, 32),
(1215, 175, 33),
(1216, 175, 34),
(1217, 175, 35),
(1218, 175, 36),
(1219, 175, 37),
(1220, 175, 38),
(1221, 175, 39),
(1222, 175, 40),
(1223, 175, 41),
(1224, 175, 42),
(1225, 175, 43),
(1226, 175, 44),
(1227, 175, 45),
(1228, 174, 1),
(1229, 174, 2),
(1230, 174, 3),
(1231, 174, 4),
(1232, 174, 5),
(1233, 174, 6),
(1234, 174, 7),
(1235, 174, 8),
(1236, 174, 9),
(1237, 174, 10),
(1238, 174, 11),
(1239, 174, 12),
(1240, 174, 13),
(1241, 174, 14),
(1242, 174, 15),
(1243, 174, 16),
(1244, 174, 17),
(1245, 174, 18),
(1246, 174, 19),
(1247, 174, 20),
(1248, 174, 21),
(1249, 174, 22),
(1250, 174, 23),
(1251, 174, 24),
(1252, 174, 25),
(1253, 174, 26),
(1254, 174, 27),
(1255, 174, 28),
(1256, 174, 29),
(1257, 174, 30),
(1258, 174, 31),
(1259, 174, 32),
(1260, 174, 33),
(1261, 174, 34),
(1262, 174, 35),
(1263, 174, 36),
(1264, 174, 37),
(1265, 174, 38),
(1266, 174, 39),
(1267, 174, 40),
(1268, 174, 41),
(1269, 174, 42),
(1270, 174, 43),
(1271, 174, 44),
(1272, 174, 45),
(1273, 173, 1),
(1274, 173, 2),
(1275, 173, 3),
(1276, 173, 4),
(1277, 173, 5),
(1278, 173, 6),
(1279, 173, 7),
(1280, 173, 8),
(1281, 173, 9),
(1282, 173, 10),
(1283, 173, 11),
(1284, 173, 12),
(1285, 173, 13),
(1286, 173, 14),
(1287, 173, 15),
(1288, 173, 16),
(1289, 173, 17),
(1290, 173, 18),
(1291, 173, 19),
(1292, 173, 20),
(1293, 173, 21),
(1294, 173, 22),
(1295, 173, 23),
(1296, 173, 24),
(1297, 173, 25),
(1298, 173, 26),
(1299, 173, 27),
(1300, 173, 28),
(1301, 173, 29),
(1302, 173, 30),
(1303, 173, 31),
(1304, 173, 32),
(1305, 173, 33),
(1306, 173, 34),
(1307, 173, 35),
(1308, 173, 36),
(1309, 173, 37),
(1310, 173, 38),
(1311, 173, 39),
(1312, 173, 40),
(1313, 173, 41),
(1314, 173, 42),
(1315, 173, 43),
(1316, 173, 44),
(1317, 173, 45),
(1318, 172, 1),
(1319, 172, 2),
(1320, 172, 3),
(1321, 172, 4),
(1322, 172, 5),
(1323, 172, 6),
(1324, 172, 7),
(1325, 172, 8),
(1326, 172, 9),
(1327, 172, 10),
(1328, 172, 11),
(1329, 172, 12),
(1330, 172, 13),
(1331, 172, 14),
(1332, 172, 15),
(1333, 172, 16),
(1334, 172, 17),
(1335, 172, 18),
(1336, 172, 19),
(1337, 172, 20),
(1338, 172, 21),
(1339, 172, 22),
(1340, 172, 23),
(1341, 172, 24),
(1342, 172, 25),
(1343, 172, 26),
(1344, 172, 27),
(1345, 172, 28),
(1346, 172, 29),
(1347, 172, 30),
(1348, 172, 31),
(1349, 172, 32),
(1350, 172, 33),
(1351, 172, 34),
(1352, 172, 35),
(1353, 172, 36),
(1354, 172, 37),
(1355, 172, 38),
(1356, 172, 39),
(1357, 172, 40),
(1358, 172, 41),
(1359, 172, 42),
(1360, 172, 43),
(1361, 172, 44),
(1362, 172, 45),
(1363, 171, 1),
(1364, 171, 2),
(1365, 171, 3),
(1366, 171, 4),
(1367, 171, 5),
(1368, 171, 6),
(1369, 171, 7),
(1370, 171, 8),
(1371, 171, 9),
(1372, 171, 10),
(1373, 171, 11),
(1374, 171, 12),
(1375, 171, 13),
(1376, 171, 14),
(1377, 171, 15),
(1378, 171, 16),
(1379, 171, 17),
(1380, 171, 18),
(1381, 171, 19),
(1382, 171, 20),
(1383, 171, 21),
(1384, 171, 22),
(1385, 171, 23),
(1386, 171, 24),
(1387, 171, 25),
(1388, 171, 26),
(1389, 171, 27),
(1390, 171, 28),
(1391, 171, 29),
(1392, 171, 30),
(1393, 171, 31),
(1394, 171, 32),
(1395, 171, 33),
(1396, 171, 34),
(1397, 171, 35),
(1398, 171, 36),
(1399, 171, 37),
(1400, 171, 38),
(1401, 171, 39),
(1402, 171, 40),
(1403, 171, 41),
(1404, 171, 42),
(1405, 171, 43),
(1406, 171, 44),
(1407, 171, 45),
(1408, 170, 1),
(1409, 170, 2),
(1410, 170, 3),
(1411, 170, 4),
(1412, 170, 5),
(1413, 170, 6),
(1414, 170, 7),
(1415, 170, 8),
(1416, 170, 9),
(1417, 170, 10),
(1418, 170, 11),
(1419, 170, 12),
(1420, 170, 13),
(1421, 170, 14),
(1422, 170, 15),
(1423, 170, 16),
(1424, 170, 17),
(1425, 170, 18),
(1426, 170, 19),
(1427, 170, 20),
(1428, 170, 21),
(1429, 170, 22),
(1430, 170, 23),
(1431, 170, 24),
(1432, 170, 25),
(1433, 170, 26),
(1434, 170, 27),
(1435, 170, 28),
(1436, 170, 29),
(1437, 170, 30),
(1438, 170, 31),
(1439, 170, 32),
(1440, 170, 33),
(1441, 170, 34),
(1442, 170, 35),
(1443, 170, 36),
(1444, 170, 37),
(1445, 170, 38),
(1446, 170, 39),
(1447, 170, 40),
(1448, 170, 41),
(1449, 170, 42),
(1450, 170, 43),
(1451, 170, 44),
(1452, 170, 45),
(1453, 169, 1),
(1454, 169, 2),
(1455, 169, 3),
(1456, 169, 4),
(1457, 169, 5),
(1458, 169, 6),
(1459, 169, 7),
(1460, 169, 8),
(1461, 169, 9),
(1462, 169, 10),
(1463, 169, 11),
(1464, 169, 12),
(1465, 169, 13),
(1466, 169, 14),
(1467, 169, 15),
(1468, 169, 16),
(1469, 169, 17),
(1470, 169, 18),
(1471, 169, 19),
(1472, 169, 20),
(1473, 169, 21),
(1474, 169, 22),
(1475, 169, 23),
(1476, 169, 24),
(1477, 169, 25),
(1478, 169, 26),
(1479, 169, 27),
(1480, 169, 28),
(1481, 169, 29),
(1482, 169, 30),
(1483, 169, 31),
(1484, 169, 32),
(1485, 169, 33),
(1486, 169, 34),
(1487, 169, 35),
(1488, 169, 36),
(1489, 169, 37),
(1490, 169, 38),
(1491, 169, 39),
(1492, 169, 40),
(1493, 169, 41),
(1494, 169, 42),
(1495, 169, 43),
(1496, 169, 44),
(1497, 169, 45),
(1498, 168, 1),
(1499, 168, 2),
(1500, 168, 3),
(1501, 168, 4),
(1502, 168, 5),
(1503, 168, 6),
(1504, 168, 7),
(1505, 168, 8),
(1506, 168, 9),
(1507, 168, 10),
(1508, 168, 11),
(1509, 168, 12),
(1510, 168, 13),
(1511, 168, 14),
(1512, 168, 15),
(1513, 168, 16),
(1514, 168, 17),
(1515, 168, 18),
(1516, 168, 19),
(1517, 168, 20),
(1518, 168, 21),
(1519, 168, 22),
(1520, 168, 23),
(1521, 168, 24),
(1522, 168, 25),
(1523, 168, 26),
(1524, 168, 27),
(1525, 168, 28),
(1526, 168, 29),
(1527, 168, 30),
(1528, 168, 31),
(1529, 168, 32),
(1530, 168, 33),
(1531, 168, 34),
(1532, 168, 35),
(1533, 168, 36),
(1534, 168, 37),
(1535, 168, 38),
(1536, 168, 39),
(1537, 168, 40),
(1538, 168, 41),
(1539, 168, 42),
(1540, 168, 43),
(1541, 168, 44),
(1542, 168, 45),
(1543, 167, 1),
(1544, 167, 2),
(1545, 167, 3),
(1546, 167, 4),
(1547, 167, 5),
(1548, 167, 6),
(1549, 167, 7),
(1550, 167, 8),
(1551, 167, 9),
(1552, 167, 10),
(1553, 167, 11),
(1554, 167, 12),
(1555, 167, 13),
(1556, 167, 14),
(1557, 167, 15),
(1558, 167, 16),
(1559, 167, 17),
(1560, 167, 18),
(1561, 167, 19),
(1562, 167, 20),
(1563, 167, 21),
(1564, 167, 22),
(1565, 167, 23),
(1566, 167, 24),
(1567, 167, 25),
(1568, 167, 26),
(1569, 167, 27),
(1570, 167, 28),
(1571, 167, 29),
(1572, 167, 30),
(1573, 167, 31),
(1574, 167, 32),
(1575, 167, 33),
(1576, 167, 34),
(1577, 167, 35),
(1578, 167, 36),
(1579, 167, 37),
(1580, 167, 38),
(1581, 167, 39),
(1582, 167, 40),
(1583, 167, 41),
(1584, 167, 42),
(1585, 167, 43),
(1586, 167, 44),
(1587, 167, 45),
(1588, 167, 1),
(1589, 167, 2),
(1590, 167, 3),
(1591, 167, 4),
(1592, 167, 5),
(1593, 167, 6),
(1594, 167, 7),
(1595, 167, 8),
(1596, 167, 9),
(1597, 167, 10),
(1598, 167, 11),
(1599, 167, 12),
(1600, 167, 13),
(1601, 167, 14),
(1602, 167, 15),
(1603, 167, 16),
(1604, 167, 17),
(1605, 167, 18),
(1606, 167, 19),
(1607, 167, 20),
(1608, 167, 21),
(1609, 167, 22),
(1610, 167, 23),
(1611, 167, 24),
(1612, 167, 25),
(1613, 167, 26),
(1614, 167, 27),
(1615, 167, 28),
(1616, 167, 29),
(1617, 167, 30),
(1618, 167, 31),
(1619, 167, 32),
(1620, 167, 33),
(1621, 167, 34),
(1622, 167, 35),
(1623, 167, 36),
(1624, 167, 37),
(1625, 167, 38),
(1626, 167, 39),
(1627, 167, 40),
(1628, 167, 41),
(1629, 167, 42),
(1630, 167, 43),
(1631, 167, 44),
(1632, 167, 45),
(1633, 166, 1),
(1634, 166, 2),
(1635, 166, 3),
(1636, 166, 4),
(1637, 166, 5),
(1638, 166, 6),
(1639, 166, 7),
(1640, 166, 8),
(1641, 166, 9),
(1642, 166, 10),
(1643, 166, 11),
(1644, 166, 12),
(1645, 166, 13),
(1646, 166, 14),
(1647, 166, 15),
(1648, 166, 16),
(1649, 166, 17),
(1650, 166, 18),
(1651, 166, 19),
(1652, 166, 20),
(1653, 166, 21),
(1654, 166, 22),
(1655, 166, 23),
(1656, 166, 24),
(1657, 166, 25),
(1658, 166, 26),
(1659, 166, 27),
(1660, 166, 28),
(1661, 166, 29),
(1662, 166, 30),
(1663, 166, 31),
(1664, 166, 32),
(1665, 166, 33),
(1666, 166, 34),
(1667, 166, 35),
(1668, 166, 36),
(1669, 166, 37),
(1670, 166, 38),
(1671, 166, 39),
(1672, 166, 40),
(1673, 166, 41),
(1674, 166, 42),
(1675, 166, 43),
(1676, 166, 44),
(1677, 166, 45),
(1678, 165, 1),
(1679, 164, 1),
(1680, 163, 1),
(1681, 162, 1),
(1682, 161, 1),
(1683, 160, 1),
(1684, 159, 1),
(1685, 158, 1),
(1686, 157, 1),
(1687, 156, 1),
(1688, 155, 1),
(1689, 154, 1),
(1690, 153, 1),
(1691, 152, 1),
(1692, 151, 1),
(1693, 150, 1),
(1694, 149, 1),
(1695, 148, 1),
(1696, 147, 1),
(1697, 146, 1),
(1698, 145, 1),
(1699, 144, 1),
(1700, 143, 1),
(1701, 142, 1),
(1702, 141, 1),
(1703, 140, 1),
(1704, 139, 1),
(1705, 138, 1),
(1706, 137, 1),
(1707, 136, 1),
(1708, 135, 1),
(1709, 134, 1),
(1710, 133, 1),
(1711, 132, 1),
(1712, 131, 1),
(1713, 130, 1),
(1714, 129, 1),
(1715, 128, 1),
(1716, 127, 1),
(1717, 126, 1),
(1718, 125, 1),
(1719, 124, 1),
(1720, 123, 1),
(1721, 122, 1),
(1722, 121, 1),
(1723, 120, 1),
(1724, 119, 1),
(1725, 118, 1),
(1726, 117, 1),
(1727, 116, 1),
(1728, 115, 1),
(1729, 114, 1),
(1730, 113, 1),
(1731, 112, 1),
(1732, 111, 1),
(1733, 110, 1),
(1734, 109, 1),
(1735, 108, 1),
(1736, 107, 1),
(1737, 106, 1),
(1739, 104, 1),
(1740, 165, 1),
(1741, 163, 1),
(1742, 162, 1),
(1743, 161, 1),
(1744, 160, 1),
(1745, 159, 1),
(1746, 158, 1),
(1747, 157, 1),
(1748, 156, 1),
(1749, 155, 1),
(1750, 154, 1),
(1751, 153, 1),
(1752, 152, 1),
(1753, 151, 1),
(1754, 150, 1),
(1755, 149, 1),
(1756, 148, 1),
(1757, 147, 1),
(1758, 146, 1),
(1759, 145, 1),
(1760, 144, 1),
(1761, 143, 1),
(1762, 142, 1),
(1763, 141, 1),
(1764, 140, 1),
(1765, 139, 1),
(1766, 139, 1),
(1767, 138, 1),
(1768, 138, 1),
(1769, 137, 1),
(1770, 137, 1),
(1771, 136, 1),
(1772, 136, 1),
(1773, 135, 1),
(1774, 135, 1),
(1775, 134, 1),
(1776, 134, 1),
(1777, 133, 1),
(1778, 133, 1),
(1779, 132, 1),
(1780, 132, 1),
(1781, 131, 1),
(1782, 131, 1),
(1783, 130, 1),
(1784, 130, 1),
(1785, 129, 1),
(1786, 128, 1),
(1787, 129, 1),
(1788, 127, 1),
(1789, 128, 1),
(1790, 126, 1),
(1791, 127, 1),
(1792, 125, 1),
(1793, 126, 1),
(1794, 124, 1),
(1795, 125, 1),
(1796, 123, 1),
(1797, 122, 1),
(1798, 124, 1),
(1799, 121, 1),
(1800, 123, 1),
(1801, 120, 1),
(1802, 122, 1),
(1803, 119, 1),
(1804, 121, 1),
(1805, 118, 1),
(1806, 120, 1),
(1807, 117, 1),
(1808, 119, 1),
(1809, 116, 1),
(1810, 118, 1),
(1811, 115, 1),
(1812, 117, 1),
(1813, 114, 1),
(1814, 116, 1),
(1815, 113, 1),
(1816, 115, 1),
(1817, 112, 1),
(1818, 114, 1),
(1819, 111, 1),
(1820, 113, 1),
(1821, 110, 1),
(1822, 112, 1),
(1823, 109, 1),
(1824, 111, 1),
(1825, 108, 1),
(1826, 110, 1),
(1827, 107, 1),
(1828, 109, 1),
(1829, 106, 1),
(1830, 108, 1),
(1832, 107, 1),
(1833, 106, 1),
(1835, 139, 1),
(1836, 138, 1),
(1837, 137, 1),
(1838, 136, 1),
(1839, 135, 1),
(1840, 134, 1),
(1841, 133, 1),
(1842, 132, 1),
(1843, 131, 1),
(1844, 130, 1),
(1845, 129, 1),
(1846, 128, 1),
(1847, 127, 1),
(1848, 126, 1),
(1849, 125, 1),
(1850, 124, 1),
(1851, 123, 1),
(1852, 122, 1),
(1853, 121, 1),
(1854, 120, 1),
(1855, 119, 1),
(1856, 118, 1),
(1857, 117, 1),
(1858, 116, 1),
(1859, 115, 1),
(1860, 114, 1),
(1861, 113, 1),
(1862, 112, 1),
(1863, 111, 1),
(1864, 110, 1),
(1865, 109, 1),
(1866, 108, 1),
(1867, 107, 1),
(1868, 106, 1),
(1870, 139, 1),
(1871, 138, 1),
(1872, 137, 1),
(1873, 136, 1),
(1874, 135, 1),
(1875, 134, 1),
(1876, 133, 1),
(1877, 132, 1),
(1878, 131, 1),
(1879, 130, 1),
(1880, 129, 1),
(1881, 128, 1),
(1882, 127, 1),
(1883, 126, 1),
(1884, 125, 1),
(1885, 124, 1),
(1886, 123, 1),
(1887, 122, 1),
(1888, 121, 1),
(1889, 120, 1),
(1890, 119, 1),
(1891, 118, 1),
(1892, 117, 1),
(1893, 116, 1),
(1894, 115, 1),
(1895, 114, 1),
(1896, 113, 1),
(1897, 112, 1),
(1898, 111, 1),
(1899, 110, 1),
(1900, 109, 1),
(1901, 108, 1),
(1902, 107, 1),
(1903, 106, 1),
(1905, 104, 1),
(1906, 103, 1),
(1907, 102, 1),
(1908, 101, 1),
(1909, 100, 1),
(1911, 165, 2),
(1912, 164, 2),
(1913, 163, 2),
(1914, 162, 2),
(1915, 161, 2),
(1916, 160, 2),
(1917, 159, 2),
(1918, 158, 2),
(1919, 157, 2),
(1920, 156, 2),
(1921, 155, 2),
(1922, 154, 2),
(1923, 153, 2),
(1924, 152, 2),
(1925, 151, 2),
(1926, 150, 2),
(1927, 149, 2),
(1928, 148, 2),
(1929, 147, 2),
(1930, 146, 2),
(1931, 145, 2),
(1932, 144, 2),
(1933, 143, 2),
(1934, 142, 2),
(1935, 141, 2),
(1936, 140, 2),
(1937, 139, 2),
(1938, 138, 2),
(1939, 137, 2),
(1940, 136, 2),
(1941, 135, 2),
(1942, 134, 2),
(1943, 133, 2),
(1944, 132, 2),
(1945, 131, 2),
(1946, 130, 2),
(1947, 129, 2),
(1948, 128, 2),
(1949, 127, 2),
(1950, 126, 2),
(1951, 125, 2),
(1952, 124, 2),
(1953, 123, 2),
(1954, 122, 2),
(1955, 121, 2),
(1956, 120, 2),
(1957, 119, 2),
(1958, 118, 2),
(1959, 117, 2),
(1960, 116, 2),
(1961, 115, 2),
(1962, 114, 2),
(1963, 113, 2),
(1964, 112, 2),
(1965, 111, 2),
(1966, 110, 2),
(1967, 109, 2),
(1968, 108, 2),
(1969, 107, 2),
(1970, 106, 2),
(1971, 104, 2),
(1972, 103, 2),
(1973, 102, 2),
(1974, 101, 2),
(1975, 100, 2),
(1976, 165, 3),
(1977, 164, 3),
(1978, 163, 3),
(1979, 162, 3),
(1980, 161, 3),
(1981, 160, 3),
(1982, 159, 3),
(1983, 158, 3),
(1984, 157, 3),
(1985, 156, 3),
(1986, 155, 3),
(1987, 154, 3),
(1988, 153, 3),
(1989, 152, 3),
(1990, 151, 3),
(1991, 150, 3),
(1992, 149, 3),
(1993, 148, 3),
(1994, 147, 3),
(1995, 146, 3),
(1996, 145, 3),
(1997, 144, 3),
(1998, 143, 3),
(1999, 142, 3),
(2000, 141, 3),
(2001, 140, 3),
(2002, 139, 3),
(2003, 138, 3),
(2004, 137, 3),
(2005, 136, 3),
(2006, 135, 3),
(2007, 134, 3),
(2008, 133, 3),
(2009, 132, 3),
(2010, 131, 3),
(2011, 130, 3),
(2012, 129, 3),
(2013, 128, 3),
(2014, 127, 3),
(2015, 126, 3),
(2016, 125, 3),
(2017, 124, 3),
(2018, 123, 3),
(2019, 122, 3),
(2020, 121, 3),
(2021, 120, 3),
(2022, 119, 3),
(2023, 118, 3),
(2024, 117, 3),
(2025, 116, 3),
(2026, 115, 3),
(2027, 114, 3),
(2028, 113, 3),
(2029, 112, 3),
(2030, 111, 3),
(2031, 110, 3),
(2032, 109, 3),
(2033, 108, 3),
(2034, 107, 3),
(2035, 106, 3),
(2036, 104, 3),
(2037, 103, 3),
(2038, 102, 3),
(2039, 101, 3),
(2040, 100, 3),
(2041, 165, 4),
(2042, 164, 4),
(2043, 163, 4),
(2044, 162, 4),
(2045, 161, 4),
(2046, 160, 4),
(2047, 159, 4),
(2048, 158, 4),
(2049, 157, 4),
(2050, 156, 4),
(2051, 155, 4),
(2052, 154, 4),
(2053, 153, 4),
(2054, 152, 4),
(2055, 151, 4),
(2056, 150, 4),
(2057, 149, 4),
(2058, 148, 4),
(2059, 147, 4),
(2060, 146, 4),
(2061, 145, 4),
(2062, 144, 4),
(2063, 143, 4),
(2064, 142, 4),
(2065, 141, 4),
(2066, 140, 4),
(2067, 139, 4),
(2068, 138, 4),
(2069, 137, 4),
(2070, 136, 4),
(2071, 135, 4),
(2072, 134, 4),
(2073, 133, 4),
(2074, 132, 4),
(2075, 131, 4),
(2076, 130, 4),
(2077, 129, 4),
(2078, 128, 4),
(2079, 127, 4),
(2080, 126, 4),
(2081, 125, 4),
(2082, 124, 4),
(2083, 123, 4),
(2084, 122, 4),
(2085, 121, 4),
(2086, 120, 4),
(2087, 119, 4),
(2088, 118, 4),
(2089, 117, 4),
(2090, 116, 4),
(2091, 115, 4),
(2092, 114, 4),
(2093, 113, 4),
(2094, 112, 4),
(2095, 111, 4),
(2096, 110, 4),
(2097, 109, 4),
(2098, 108, 4),
(2099, 107, 4),
(2100, 106, 4),
(2101, 104, 4),
(2102, 103, 4),
(2103, 102, 4),
(2104, 101, 4),
(2105, 100, 4),
(2106, 165, 5),
(2107, 164, 5),
(2108, 163, 5),
(2109, 162, 5),
(2110, 161, 5),
(2111, 160, 5),
(2112, 159, 5),
(2113, 158, 5),
(2114, 157, 5),
(2115, 156, 5),
(2116, 155, 5),
(2117, 154, 5),
(2118, 153, 5),
(2119, 152, 5),
(2120, 151, 5),
(2121, 150, 5),
(2122, 149, 5),
(2123, 148, 5),
(2124, 147, 5),
(2125, 146, 5),
(2126, 145, 5),
(2127, 144, 5),
(2128, 143, 5),
(2129, 142, 5),
(2130, 141, 5),
(2131, 140, 5),
(2132, 139, 5),
(2133, 138, 5),
(2134, 137, 5),
(2135, 136, 5),
(2136, 135, 5),
(2137, 134, 5),
(2138, 133, 5),
(2139, 132, 5),
(2140, 131, 5),
(2141, 130, 5),
(2142, 129, 5),
(2143, 128, 5),
(2144, 127, 5),
(2145, 126, 5),
(2146, 125, 5),
(2147, 124, 5),
(2148, 123, 5),
(2149, 122, 5),
(2150, 121, 5),
(2151, 120, 5),
(2152, 119, 5),
(2153, 118, 5),
(2154, 117, 5),
(2155, 116, 5),
(2156, 115, 5),
(2157, 114, 5),
(2158, 113, 5),
(2159, 112, 5),
(2160, 111, 5),
(2161, 110, 5),
(2162, 109, 5),
(2163, 108, 5),
(2164, 107, 5),
(2165, 106, 5),
(2167, 104, 5),
(2168, 165, 5),
(2169, 164, 5),
(2170, 163, 5),
(2171, 162, 5),
(2172, 161, 5),
(2173, 160, 5),
(2174, 159, 5),
(2175, 158, 5),
(2176, 157, 5),
(2177, 156, 5),
(2178, 155, 5),
(2179, 154, 5),
(2180, 153, 5),
(2181, 152, 5),
(2182, 151, 5),
(2183, 150, 5),
(2184, 149, 5),
(2185, 148, 5),
(2186, 147, 5),
(2187, 146, 5),
(2188, 145, 5),
(2189, 144, 5),
(2190, 143, 5),
(2191, 142, 5),
(2192, 141, 5),
(2193, 140, 5),
(2194, 139, 5),
(2195, 138, 5),
(2196, 137, 5),
(2197, 136, 5),
(2198, 135, 5),
(2199, 134, 5),
(2200, 133, 5),
(2201, 132, 5),
(2202, 131, 5),
(2203, 130, 5),
(2204, 129, 5),
(2205, 128, 5),
(2206, 127, 5),
(2207, 126, 5),
(2208, 125, 5),
(2209, 124, 5),
(2210, 123, 5),
(2211, 122, 5),
(2212, 121, 5),
(2213, 120, 5),
(2214, 119, 5),
(2215, 118, 5),
(2216, 117, 5),
(2217, 116, 5),
(2218, 115, 5),
(2219, 114, 5),
(2220, 113, 5),
(2221, 112, 5),
(2222, 111, 5),
(2223, 110, 5),
(2224, 109, 5),
(2225, 108, 5),
(2226, 107, 5),
(2227, 106, 5),
(2228, 104, 5),
(2229, 103, 5),
(2230, 102, 5),
(2231, 101, 5),
(2232, 100, 5),
(2233, 165, 6),
(2234, 164, 6),
(2235, 163, 6),
(2236, 162, 6),
(2237, 161, 6),
(2238, 160, 6),
(2239, 159, 6),
(2240, 158, 6),
(2241, 157, 6),
(2242, 156, 6),
(2243, 155, 6),
(2244, 154, 6),
(2245, 153, 6),
(2246, 152, 6),
(2247, 151, 6),
(2248, 150, 6),
(2249, 149, 6),
(2250, 148, 6),
(2251, 147, 6),
(2252, 146, 6),
(2253, 145, 6),
(2254, 144, 6),
(2255, 143, 6),
(2256, 142, 6),
(2257, 141, 6),
(2258, 140, 6),
(2259, 139, 6),
(2260, 138, 6),
(2261, 137, 6),
(2262, 136, 6),
(2263, 135, 6),
(2264, 134, 6),
(2265, 133, 6),
(2266, 132, 6),
(2267, 131, 6),
(2268, 130, 6),
(2269, 129, 6),
(2270, 128, 6),
(2271, 127, 6),
(2272, 126, 6),
(2273, 125, 6),
(2274, 124, 6),
(2275, 123, 6),
(2276, 122, 6),
(2277, 121, 6),
(2278, 120, 6),
(2279, 119, 6),
(2280, 118, 6),
(2281, 117, 6),
(2282, 116, 6),
(2283, 115, 6),
(2284, 114, 6),
(2285, 113, 6),
(2286, 112, 6),
(2287, 111, 6),
(2288, 110, 6),
(2289, 109, 6),
(2290, 108, 6),
(2291, 107, 6),
(2292, 106, 6),
(2293, 104, 6),
(2294, 103, 6),
(2295, 102, 6),
(2296, 101, 6),
(2297, 100, 6),
(2298, 165, 7),
(2299, 164, 7),
(2300, 163, 7),
(2301, 162, 7),
(2302, 161, 7),
(2303, 160, 7),
(2304, 159, 7),
(2305, 158, 7),
(2306, 157, 7),
(2307, 156, 7),
(2308, 155, 7),
(2309, 154, 7),
(2310, 153, 7),
(2311, 152, 7),
(2312, 151, 7),
(2313, 150, 7),
(2314, 149, 7),
(2315, 148, 7),
(2316, 147, 7),
(2317, 146, 7),
(2318, 145, 7),
(2319, 144, 7),
(2320, 143, 7),
(2321, 142, 7),
(2322, 141, 7),
(2323, 140, 7),
(2324, 139, 7),
(2325, 138, 7),
(2326, 137, 7),
(2327, 136, 7),
(2328, 135, 7),
(2329, 134, 7),
(2330, 133, 7),
(2331, 132, 7),
(2332, 131, 7),
(2333, 130, 7),
(2334, 129, 7),
(2335, 128, 7),
(2336, 127, 7),
(2337, 126, 7),
(2338, 125, 7),
(2339, 124, 7),
(2340, 123, 7),
(2341, 122, 7),
(2342, 121, 7),
(2343, 120, 7),
(2344, 119, 7),
(2345, 118, 7),
(2346, 117, 7),
(2347, 116, 7),
(2348, 115, 7),
(2349, 114, 7),
(2350, 113, 7),
(2351, 112, 7),
(2352, 111, 7),
(2353, 110, 7),
(2354, 109, 7),
(2355, 108, 7),
(2356, 107, 7),
(2357, 106, 7),
(2358, 104, 7),
(2359, 103, 7),
(2360, 102, 7),
(2361, 101, 7),
(2362, 100, 7),
(2363, 165, 8),
(2364, 164, 8),
(2365, 163, 8),
(2366, 162, 8),
(2367, 161, 8),
(2368, 160, 8),
(2369, 159, 8),
(2370, 158, 8),
(2371, 157, 8),
(2372, 156, 8),
(2373, 155, 8),
(2374, 154, 8),
(2375, 153, 8),
(2376, 152, 8),
(2377, 151, 8),
(2378, 150, 8),
(2379, 149, 8),
(2380, 148, 8),
(2381, 147, 8),
(2382, 146, 8),
(2383, 145, 8),
(2384, 144, 8),
(2385, 143, 8),
(2386, 142, 8),
(2387, 141, 8),
(2388, 140, 8),
(2389, 139, 8),
(2390, 138, 8),
(2391, 137, 8),
(2392, 136, 8),
(2393, 135, 8),
(2394, 134, 8),
(2395, 133, 8),
(2396, 132, 8),
(2397, 131, 8),
(2398, 130, 8),
(2399, 129, 8),
(2400, 128, 8),
(2401, 127, 8),
(2402, 126, 8),
(2403, 125, 8),
(2404, 124, 8),
(2405, 123, 8),
(2406, 122, 8),
(2407, 121, 8),
(2408, 120, 8),
(2409, 119, 8),
(2410, 118, 8),
(2411, 117, 8),
(2412, 116, 8),
(2413, 115, 8),
(2414, 114, 8),
(2415, 113, 8),
(2416, 112, 8),
(2417, 111, 8),
(2418, 110, 8),
(2419, 109, 8),
(2420, 108, 8),
(2421, 107, 8),
(2422, 106, 8),
(2423, 104, 8),
(2424, 103, 8),
(2425, 102, 8),
(2426, 101, 8),
(2427, 100, 8),
(2428, 165, 9),
(2429, 164, 9),
(2430, 163, 9),
(2431, 162, 9),
(2432, 161, 9),
(2433, 160, 9),
(2434, 159, 9),
(2435, 158, 9),
(2436, 157, 9),
(2437, 156, 9),
(2438, 155, 9),
(2439, 154, 9),
(2440, 153, 9),
(2441, 152, 9),
(2442, 151, 9),
(2443, 150, 9),
(2444, 149, 9),
(2445, 148, 9),
(2446, 147, 9),
(2447, 146, 9),
(2448, 145, 9),
(2449, 144, 9),
(2450, 143, 9),
(2451, 142, 9),
(2452, 141, 9),
(2453, 140, 9),
(2454, 139, 9),
(2455, 138, 9),
(2456, 137, 9),
(2457, 136, 9),
(2458, 135, 9),
(2459, 134, 9),
(2460, 133, 9),
(2461, 132, 9),
(2462, 131, 9),
(2463, 130, 9),
(2464, 129, 9),
(2465, 128, 9),
(2466, 127, 9),
(2467, 126, 9),
(2468, 125, 9),
(2469, 124, 9),
(2470, 123, 9),
(2471, 122, 9),
(2472, 121, 9),
(2473, 120, 9),
(2474, 119, 9),
(2475, 118, 9),
(2476, 117, 9),
(2477, 116, 9),
(2478, 115, 9),
(2479, 114, 9),
(2480, 113, 9),
(2481, 112, 9),
(2482, 111, 9),
(2483, 110, 9),
(2484, 109, 9),
(2485, 108, 9),
(2486, 107, 9),
(2487, 106, 9),
(2488, 104, 9),
(2489, 103, 9),
(2490, 102, 9),
(2491, 101, 9),
(2492, 100, 9),
(2493, 165, 10),
(2494, 164, 10),
(2495, 163, 10),
(2496, 162, 10),
(2497, 161, 10),
(2498, 160, 10),
(2499, 159, 10),
(2500, 158, 10),
(2501, 157, 10),
(2502, 156, 10),
(2503, 155, 10),
(2504, 154, 10),
(2505, 153, 10),
(2506, 152, 10),
(2507, 151, 10),
(2508, 150, 10),
(2509, 149, 10),
(2510, 148, 10),
(2511, 147, 10),
(2512, 146, 10),
(2513, 145, 10),
(2514, 144, 10),
(2515, 143, 10),
(2516, 142, 10),
(2517, 141, 10),
(2518, 140, 10),
(2519, 139, 10),
(2520, 138, 10),
(2521, 137, 10),
(2522, 136, 10),
(2523, 135, 10),
(2524, 134, 10),
(2525, 133, 10),
(2526, 132, 10),
(2527, 131, 10),
(2528, 130, 10),
(2529, 129, 10),
(2530, 128, 10),
(2531, 127, 10),
(2532, 126, 10),
(2533, 125, 10),
(2534, 124, 10),
(2535, 123, 10),
(2536, 122, 10),
(2537, 121, 10),
(2538, 120, 10),
(2539, 119, 10),
(2540, 118, 10),
(2541, 117, 10),
(2542, 116, 10),
(2543, 115, 10),
(2544, 114, 10),
(2545, 113, 10),
(2546, 112, 10),
(2547, 111, 10),
(2548, 110, 10),
(2549, 109, 10),
(2550, 108, 10),
(2551, 107, 10),
(2552, 106, 10),
(2554, 104, 10),
(2555, 165, 10),
(2556, 164, 10),
(2557, 163, 10),
(2558, 162, 10),
(2559, 161, 10),
(2560, 160, 10),
(2561, 159, 10),
(2562, 158, 10),
(2563, 157, 10),
(2564, 156, 10),
(2565, 155, 10),
(2566, 154, 10),
(2567, 153, 10),
(2568, 152, 10),
(2569, 151, 10),
(2570, 150, 10),
(2571, 149, 10),
(2572, 148, 10),
(2573, 147, 10),
(2574, 146, 10),
(2575, 145, 10),
(2576, 144, 10),
(2577, 143, 10),
(2578, 142, 10),
(2579, 141, 10),
(2580, 140, 10),
(2581, 139, 10),
(2582, 138, 10),
(2583, 137, 10),
(2584, 136, 10),
(2585, 135, 10),
(2586, 134, 10),
(2587, 133, 10),
(2588, 132, 10),
(2589, 131, 10),
(2590, 130, 10),
(2591, 129, 10),
(2592, 128, 10),
(2593, 127, 10),
(2594, 126, 10),
(2595, 125, 10),
(2596, 124, 10),
(2597, 123, 10),
(2598, 122, 10),
(2599, 121, 10),
(2600, 120, 10),
(2601, 119, 10),
(2602, 118, 10),
(2603, 117, 10),
(2604, 116, 10),
(2605, 115, 10),
(2606, 114, 10),
(2607, 113, 10),
(2608, 112, 10),
(2609, 111, 10),
(2610, 110, 10),
(2611, 109, 10),
(2612, 108, 10),
(2613, 107, 10),
(2614, 106, 10),
(2616, 104, 10),
(2617, 165, 10),
(2618, 164, 10),
(2619, 163, 10),
(2620, 162, 10),
(2621, 161, 10),
(2622, 160, 10),
(2623, 159, 10),
(2624, 158, 10),
(2625, 157, 10),
(2626, 156, 10),
(2627, 155, 10),
(2628, 154, 10),
(2629, 153, 10),
(2630, 152, 10),
(2631, 151, 10),
(2632, 150, 10),
(2633, 149, 10),
(2634, 148, 10),
(2635, 147, 10),
(2636, 146, 10),
(2637, 145, 10),
(2638, 144, 10),
(2639, 143, 10),
(2640, 142, 10),
(2641, 141, 10),
(2642, 140, 10),
(2643, 139, 10),
(2644, 138, 10),
(2645, 137, 10),
(2646, 136, 10),
(2647, 135, 10),
(2648, 134, 10),
(2649, 133, 10),
(2650, 132, 10),
(2651, 131, 10),
(2652, 130, 10),
(2653, 129, 10),
(2654, 128, 10),
(2655, 127, 10),
(2656, 126, 10),
(2657, 125, 10),
(2658, 124, 10),
(2659, 123, 10),
(2660, 122, 10),
(2661, 121, 10),
(2662, 120, 10),
(2663, 119, 10),
(2664, 118, 10),
(2665, 117, 10),
(2666, 116, 10),
(2667, 115, 10),
(2668, 114, 10),
(2669, 113, 10),
(2670, 112, 10),
(2671, 111, 10),
(2672, 110, 10),
(2673, 109, 10),
(2674, 108, 10),
(2675, 107, 10),
(2676, 106, 10),
(2677, 104, 10),
(2678, 103, 10),
(2679, 102, 10),
(2680, 101, 10),
(2681, 100, 10),
(2682, 165, 11),
(2683, 164, 11),
(2684, 163, 11),
(2685, 162, 11),
(2686, 161, 11),
(2687, 160, 11),
(2688, 159, 11),
(2689, 158, 11),
(2690, 157, 11),
(2691, 156, 11),
(2692, 155, 11),
(2693, 154, 11),
(2694, 153, 11),
(2695, 152, 11),
(2696, 151, 11),
(2697, 150, 11),
(2698, 149, 11),
(2699, 148, 11),
(2700, 147, 11),
(2701, 146, 11),
(2702, 145, 11),
(2703, 144, 11),
(2704, 143, 11),
(2705, 142, 11),
(2706, 141, 11),
(2707, 140, 11),
(2708, 139, 11),
(2709, 138, 11),
(2710, 137, 11),
(2711, 136, 11),
(2712, 135, 11),
(2713, 134, 11),
(2714, 133, 11),
(2715, 132, 11),
(2716, 131, 11),
(2717, 130, 11),
(2718, 129, 11),
(2719, 128, 11),
(2720, 127, 11),
(2721, 126, 11),
(2722, 125, 11),
(2723, 124, 11),
(2724, 123, 11),
(2725, 122, 11),
(2726, 121, 11),
(2727, 120, 11),
(2728, 119, 11),
(2729, 118, 11),
(2730, 117, 11),
(2731, 116, 11),
(2732, 115, 11),
(2733, 114, 11),
(2734, 113, 11),
(2735, 112, 11),
(2736, 111, 11),
(2737, 110, 11),
(2738, 109, 11),
(2739, 108, 11),
(2740, 107, 11),
(2741, 106, 11),
(2742, 104, 11),
(2743, 103, 11),
(2744, 102, 11),
(2745, 101, 11),
(2746, 100, 11),
(2747, 165, 12),
(2748, 164, 12),
(2749, 163, 12),
(2750, 162, 12),
(2751, 161, 12),
(2752, 160, 12),
(2753, 159, 12),
(2754, 158, 12),
(2755, 157, 12),
(2756, 156, 12),
(2757, 155, 12),
(2758, 154, 12),
(2759, 153, 12),
(2760, 152, 12),
(2761, 151, 12),
(2762, 150, 12),
(2763, 149, 12),
(2764, 148, 12),
(2765, 147, 12),
(2766, 146, 12),
(2767, 145, 12),
(2768, 144, 12),
(2769, 143, 12),
(2770, 142, 12),
(2771, 141, 12),
(2772, 140, 12),
(2773, 139, 12),
(2774, 138, 12),
(2775, 137, 12),
(2776, 136, 12),
(2777, 135, 12),
(2778, 134, 12),
(2779, 133, 12),
(2780, 132, 12),
(2781, 131, 12),
(2782, 130, 12),
(2783, 129, 12),
(2784, 128, 12),
(2785, 127, 12),
(2786, 126, 12),
(2787, 125, 12),
(2788, 124, 12),
(2789, 123, 12),
(2790, 122, 12),
(2791, 121, 12),
(2792, 120, 12),
(2793, 119, 12),
(2794, 118, 12),
(2795, 117, 12),
(2796, 116, 12),
(2797, 115, 12),
(2798, 114, 12),
(2799, 113, 12),
(2800, 112, 12),
(2801, 111, 12),
(2802, 110, 12),
(2803, 109, 12),
(2804, 108, 12),
(2805, 107, 12),
(2806, 106, 12),
(2807, 104, 12),
(2808, 103, 12),
(2809, 102, 12),
(2810, 101, 12),
(2811, 100, 12),
(2812, 165, 13),
(2813, 164, 13),
(2814, 163, 13),
(2815, 162, 13),
(2816, 161, 13),
(2817, 160, 13),
(2818, 159, 13),
(2819, 158, 13),
(2820, 157, 13),
(2821, 156, 13),
(2822, 155, 13),
(2823, 154, 13),
(2824, 153, 13),
(2825, 152, 13),
(2826, 151, 13),
(2827, 150, 13),
(2828, 149, 13),
(2829, 148, 13),
(2830, 147, 13),
(2831, 146, 13),
(2832, 145, 13),
(2833, 144, 13),
(2834, 143, 13),
(2835, 142, 13),
(2836, 141, 13),
(2837, 140, 13),
(2838, 139, 13),
(2839, 138, 13),
(2840, 137, 13),
(2841, 136, 13),
(2842, 135, 13),
(2843, 134, 13),
(2844, 133, 13),
(2845, 132, 13),
(2846, 131, 13),
(2847, 130, 13),
(2848, 129, 13),
(2849, 128, 13),
(2850, 127, 13),
(2851, 126, 13),
(2852, 125, 13),
(2853, 124, 13),
(2854, 123, 13),
(2855, 122, 13),
(2856, 121, 13),
(2857, 120, 13),
(2858, 119, 13),
(2859, 118, 13),
(2860, 117, 13),
(2861, 116, 13),
(2862, 115, 13),
(2863, 114, 13),
(2864, 113, 13),
(2865, 112, 13),
(2866, 111, 13),
(2867, 110, 13),
(2868, 109, 13),
(2869, 108, 13),
(2870, 107, 13),
(2871, 106, 13),
(2872, 104, 13),
(2873, 103, 13),
(2874, 102, 13),
(2875, 101, 13),
(2876, 100, 13),
(2877, 165, 14),
(2878, 164, 14),
(2879, 163, 14),
(2880, 162, 14),
(2881, 161, 14),
(2882, 160, 14),
(2883, 159, 14),
(2884, 158, 14),
(2885, 157, 14),
(2886, 156, 14),
(2887, 155, 14),
(2888, 154, 14),
(2889, 153, 14),
(2890, 152, 14),
(2891, 151, 14),
(2892, 150, 14),
(2893, 149, 14),
(2894, 148, 14),
(2895, 147, 14),
(2896, 146, 14),
(2897, 145, 14),
(2898, 144, 14),
(2899, 143, 14),
(2900, 142, 14),
(2901, 141, 14),
(2902, 140, 14),
(2903, 139, 14),
(2904, 138, 14),
(2905, 137, 14),
(2906, 136, 14),
(2907, 135, 14),
(2908, 134, 14),
(2909, 133, 14),
(2910, 132, 14),
(2911, 131, 14),
(2912, 130, 14),
(2913, 129, 14),
(2914, 128, 14),
(2915, 127, 14),
(2916, 126, 14),
(2917, 125, 14),
(2918, 124, 14),
(2919, 123, 14),
(2920, 122, 14),
(2921, 121, 14),
(2922, 120, 14),
(2923, 119, 14),
(2924, 118, 14),
(2925, 117, 14),
(2926, 116, 14),
(2927, 115, 14),
(2928, 114, 14),
(2929, 113, 14),
(2930, 112, 14),
(2931, 111, 14),
(2932, 110, 14),
(2933, 109, 14),
(2934, 108, 14),
(2935, 107, 14),
(2936, 106, 14),
(2937, 104, 14),
(2938, 103, 14),
(2939, 102, 14),
(2940, 101, 14),
(2941, 100, 14),
(2942, 165, 15),
(2943, 164, 15),
(2944, 163, 15),
(2945, 162, 15),
(2946, 161, 15),
(2947, 160, 15),
(2948, 159, 15),
(2949, 158, 15),
(2950, 157, 15),
(2951, 156, 15),
(2952, 155, 15),
(2953, 154, 15),
(2954, 153, 15),
(2955, 152, 15),
(2956, 151, 15),
(2957, 150, 15),
(2958, 149, 15),
(2959, 148, 15),
(2960, 147, 15),
(2961, 146, 15),
(2962, 145, 15),
(2963, 144, 15),
(2964, 143, 15),
(2965, 142, 15),
(2966, 141, 15),
(2967, 140, 15),
(2968, 139, 15),
(2969, 138, 15),
(2970, 137, 15),
(2971, 136, 15),
(2972, 135, 15),
(2973, 134, 15),
(2974, 133, 15),
(2975, 132, 15),
(2976, 131, 15),
(2977, 130, 15),
(2978, 129, 15),
(2979, 128, 15),
(2980, 127, 15),
(2981, 126, 15),
(2982, 125, 15),
(2983, 124, 15),
(2984, 123, 15),
(2985, 122, 15),
(2986, 121, 15),
(2987, 120, 15),
(2988, 119, 15),
(2989, 118, 15),
(2990, 117, 15),
(2991, 116, 15),
(2992, 115, 15),
(2993, 114, 15),
(2994, 113, 15),
(2995, 112, 15),
(2996, 111, 15),
(2997, 110, 15),
(2998, 109, 15),
(2999, 108, 15),
(3000, 107, 15),
(3001, 106, 15),
(3002, 104, 15),
(3003, 103, 15),
(3004, 102, 15),
(3005, 101, 15),
(3006, 100, 15),
(3007, 165, 16),
(3008, 164, 16),
(3009, 163, 16),
(3010, 162, 16),
(3011, 161, 16),
(3012, 160, 16),
(3013, 159, 16),
(3014, 158, 16),
(3015, 157, 16),
(3016, 156, 16),
(3017, 155, 16),
(3018, 154, 16),
(3019, 153, 16),
(3020, 152, 16),
(3021, 151, 16),
(3022, 150, 16),
(3023, 149, 16),
(3024, 148, 16),
(3025, 147, 16),
(3026, 146, 16),
(3027, 145, 16),
(3028, 144, 16),
(3029, 143, 16),
(3030, 142, 16),
(3031, 141, 16),
(3032, 140, 16),
(3033, 139, 16),
(3034, 138, 16),
(3035, 137, 16),
(3036, 136, 16),
(3037, 135, 16),
(3038, 134, 16),
(3039, 133, 16),
(3040, 132, 16),
(3041, 131, 16),
(3042, 130, 16),
(3043, 129, 16),
(3044, 128, 16),
(3045, 127, 16),
(3046, 126, 16),
(3047, 125, 16),
(3048, 124, 16),
(3049, 123, 16),
(3050, 122, 16),
(3051, 121, 16),
(3052, 120, 16),
(3053, 119, 16),
(3054, 118, 16),
(3055, 117, 16),
(3056, 116, 16),
(3057, 115, 16),
(3058, 114, 16),
(3059, 113, 16),
(3060, 112, 16),
(3061, 111, 16),
(3062, 110, 16),
(3063, 109, 16),
(3064, 108, 16),
(3065, 107, 16),
(3066, 106, 16),
(3067, 104, 16),
(3068, 103, 16),
(3069, 102, 16),
(3070, 101, 16),
(3071, 100, 16),
(3072, 165, 17),
(3073, 164, 17),
(3074, 163, 17),
(3075, 162, 17),
(3076, 161, 17),
(3077, 160, 17),
(3078, 159, 17),
(3079, 158, 17),
(3080, 157, 17),
(3081, 156, 17),
(3082, 155, 17),
(3083, 154, 17),
(3084, 153, 17),
(3085, 152, 17),
(3086, 151, 17),
(3087, 150, 17),
(3088, 149, 17),
(3089, 148, 17),
(3090, 147, 17),
(3091, 146, 17),
(3092, 145, 17),
(3093, 144, 17),
(3094, 143, 17),
(3095, 142, 17),
(3096, 141, 17),
(3097, 140, 17),
(3098, 139, 17),
(3099, 138, 17),
(3100, 137, 17),
(3101, 136, 17),
(3102, 135, 17),
(3103, 134, 17),
(3104, 133, 17),
(3105, 132, 17),
(3106, 131, 17),
(3107, 130, 17),
(3108, 129, 17),
(3109, 128, 17),
(3110, 127, 17),
(3111, 126, 17),
(3112, 125, 17),
(3113, 124, 17),
(3114, 123, 17),
(3115, 122, 17),
(3116, 121, 17),
(3117, 120, 17),
(3118, 119, 17),
(3119, 118, 17),
(3120, 117, 17),
(3121, 116, 17),
(3122, 115, 17),
(3123, 114, 17),
(3124, 113, 17),
(3125, 112, 17),
(3126, 111, 17),
(3127, 110, 17),
(3128, 109, 17),
(3129, 108, 17),
(3130, 107, 17),
(3131, 106, 17),
(3132, 104, 17),
(3133, 103, 17),
(3134, 102, 17),
(3135, 101, 17),
(3136, 100, 17),
(3137, 165, 18),
(3138, 164, 18),
(3139, 163, 18),
(3140, 162, 18),
(3141, 161, 18),
(3142, 160, 18),
(3143, 159, 18),
(3144, 158, 18),
(3145, 157, 18),
(3146, 156, 18),
(3147, 155, 18),
(3148, 154, 18),
(3149, 153, 18),
(3150, 152, 18),
(3151, 151, 18),
(3152, 150, 18),
(3153, 149, 18),
(3154, 148, 18),
(3155, 147, 18),
(3156, 146, 18),
(3157, 145, 18),
(3158, 144, 18),
(3159, 143, 18),
(3160, 142, 18),
(3161, 141, 18),
(3162, 140, 18),
(3163, 139, 18),
(3164, 138, 18),
(3165, 137, 18),
(3166, 136, 18),
(3167, 135, 18),
(3168, 134, 18),
(3169, 133, 18),
(3170, 132, 18),
(3171, 131, 18),
(3172, 130, 18),
(3173, 129, 18),
(3174, 128, 18),
(3175, 127, 18),
(3176, 126, 18),
(3177, 125, 18),
(3178, 124, 18),
(3179, 123, 18),
(3180, 122, 18),
(3181, 121, 18),
(3182, 120, 18),
(3183, 119, 18),
(3184, 118, 18),
(3185, 117, 18),
(3186, 116, 18),
(3187, 115, 18),
(3188, 114, 18),
(3189, 113, 18),
(3190, 112, 18),
(3191, 111, 18),
(3192, 110, 18),
(3193, 109, 18),
(3194, 108, 18),
(3195, 107, 18),
(3196, 106, 18),
(3197, 104, 18),
(3198, 103, 18),
(3199, 102, 18),
(3200, 101, 18),
(3201, 100, 18),
(3202, 165, 19),
(3203, 164, 19),
(3204, 163, 19),
(3205, 162, 19),
(3206, 161, 19),
(3207, 160, 19),
(3208, 159, 19),
(3209, 158, 19),
(3210, 157, 19),
(3211, 156, 19),
(3212, 155, 19),
(3213, 154, 19),
(3214, 153, 19),
(3215, 152, 19),
(3216, 151, 19),
(3217, 150, 19),
(3218, 149, 19),
(3219, 148, 19),
(3220, 147, 19),
(3221, 146, 19),
(3222, 145, 19),
(3223, 144, 19),
(3224, 143, 19),
(3225, 142, 19),
(3226, 141, 19),
(3227, 140, 19),
(3228, 139, 19),
(3229, 138, 19),
(3230, 137, 19),
(3231, 136, 19),
(3232, 135, 19),
(3233, 134, 19),
(3234, 133, 19),
(3235, 132, 19),
(3236, 131, 19),
(3237, 130, 19),
(3238, 129, 19),
(3239, 128, 19),
(3240, 127, 19),
(3241, 126, 19),
(3242, 125, 19),
(3243, 124, 19),
(3244, 123, 19),
(3245, 122, 19),
(3246, 121, 19),
(3247, 120, 19),
(3248, 119, 19),
(3249, 118, 19),
(3250, 117, 19),
(3251, 116, 19),
(3252, 115, 19),
(3253, 114, 19),
(3254, 113, 19),
(3255, 112, 19),
(3256, 111, 19),
(3257, 110, 19),
(3258, 109, 19),
(3259, 108, 19),
(3260, 107, 19),
(3261, 106, 19),
(3262, 104, 19),
(3263, 103, 19),
(3264, 102, 19),
(3265, 101, 19),
(3266, 100, 19),
(3267, 165, 20),
(3268, 164, 20),
(3269, 163, 20),
(3270, 162, 20),
(3271, 161, 20),
(3272, 160, 20),
(3273, 159, 20),
(3274, 158, 20),
(3275, 157, 20),
(3276, 156, 20),
(3277, 155, 20),
(3278, 154, 20),
(3279, 153, 20),
(3280, 152, 20),
(3281, 151, 20),
(3282, 150, 20),
(3283, 149, 20),
(3284, 148, 20),
(3285, 147, 20),
(3286, 146, 20),
(3287, 145, 20),
(3288, 144, 20),
(3289, 143, 20),
(3290, 142, 20),
(3291, 141, 20),
(3292, 140, 20),
(3293, 139, 20),
(3294, 138, 20),
(3295, 137, 20),
(3296, 136, 20),
(3297, 135, 20),
(3298, 134, 20),
(3299, 133, 20),
(3300, 132, 20),
(3301, 131, 20),
(3302, 130, 20),
(3303, 129, 20),
(3304, 128, 20),
(3305, 127, 20),
(3306, 126, 20),
(3307, 125, 20),
(3308, 124, 20),
(3309, 123, 20),
(3310, 122, 20),
(3311, 121, 20),
(3312, 120, 20),
(3313, 119, 20),
(3314, 118, 20),
(3315, 117, 20),
(3316, 116, 20),
(3317, 115, 20),
(3318, 114, 20),
(3319, 113, 20),
(3320, 112, 20),
(3321, 111, 20),
(3322, 110, 20),
(3323, 109, 20),
(3324, 108, 20),
(3325, 107, 20),
(3326, 106, 20),
(3327, 104, 20),
(3328, 103, 20),
(3329, 102, 20),
(3330, 101, 20),
(3331, 100, 20),
(3332, 164, 21),
(3333, 163, 21),
(3334, 162, 21),
(3335, 161, 21),
(3336, 160, 21),
(3337, 159, 21),
(3338, 158, 21),
(3339, 157, 21),
(3340, 156, 21),
(3341, 155, 21),
(3342, 154, 21),
(3343, 153, 21),
(3344, 152, 21),
(3345, 151, 21),
(3346, 150, 21),
(3347, 149, 21),
(3348, 148, 21),
(3349, 147, 21),
(3350, 146, 21),
(3351, 145, 21),
(3352, 144, 21),
(3353, 143, 21),
(3354, 142, 21),
(3355, 141, 21),
(3356, 140, 21),
(3357, 139, 21),
(3358, 138, 21),
(3359, 137, 21),
(3360, 136, 21),
(3361, 135, 21),
(3362, 134, 21),
(3363, 133, 21),
(3364, 132, 21),
(3365, 131, 21),
(3366, 130, 21),
(3367, 129, 21),
(3368, 128, 21),
(3369, 127, 21),
(3370, 126, 21),
(3371, 125, 21),
(3372, 124, 21),
(3373, 123, 21),
(3374, 122, 21),
(3375, 121, 21),
(3376, 120, 21),
(3377, 119, 21),
(3378, 118, 21),
(3379, 117, 21),
(3380, 116, 21),
(3381, 115, 21),
(3382, 114, 21),
(3383, 113, 21),
(3384, 112, 21),
(3385, 111, 21),
(3386, 110, 21),
(3387, 109, 21),
(3388, 108, 21),
(3389, 107, 21),
(3390, 106, 21),
(3391, 104, 21),
(3392, 103, 21),
(3393, 102, 21),
(3394, 101, 21),
(3395, 100, 21),
(3396, 165, 22),
(3397, 164, 22),
(3398, 163, 22),
(3399, 162, 22),
(3400, 161, 22),
(3401, 160, 22),
(3402, 159, 22),
(3403, 158, 22),
(3404, 157, 22),
(3405, 156, 22),
(3406, 155, 22),
(3407, 154, 22),
(3408, 153, 22),
(3409, 152, 22),
(3410, 151, 22),
(3411, 150, 22),
(3412, 149, 22),
(3413, 148, 22),
(3414, 147, 22),
(3415, 146, 22),
(3416, 145, 22),
(3417, 144, 22),
(3418, 143, 22),
(3419, 142, 22),
(3420, 141, 22),
(3421, 140, 22),
(3422, 139, 22),
(3423, 138, 22),
(3424, 137, 22),
(3425, 136, 22),
(3426, 135, 22),
(3427, 134, 22),
(3428, 133, 22),
(3429, 132, 22),
(3430, 131, 22),
(3431, 130, 22),
(3432, 129, 22),
(3433, 128, 22),
(3434, 127, 22),
(3435, 126, 22),
(3436, 125, 22),
(3437, 124, 22),
(3438, 123, 22),
(3439, 122, 22),
(3440, 121, 22),
(3441, 120, 22),
(3442, 119, 22),
(3443, 118, 22),
(3444, 117, 22),
(3445, 116, 22),
(3446, 115, 22),
(3447, 114, 22),
(3448, 113, 22),
(3449, 112, 22),
(3450, 111, 22),
(3451, 110, 22),
(3452, 109, 22),
(3453, 108, 22),
(3454, 107, 22),
(3455, 106, 22),
(3456, 104, 22),
(3457, 103, 22),
(3458, 102, 22),
(3459, 101, 22),
(3460, 100, 22),
(3461, 165, 23),
(3462, 164, 23),
(3463, 163, 23),
(3464, 162, 23),
(3465, 161, 23),
(3466, 160, 23),
(3467, 159, 23),
(3468, 158, 23),
(3469, 157, 23),
(3470, 156, 23),
(3471, 155, 23),
(3472, 154, 23),
(3473, 153, 23),
(3474, 152, 23),
(3475, 151, 23),
(3476, 150, 23),
(3477, 149, 23),
(3478, 148, 23),
(3479, 147, 23),
(3480, 146, 23),
(3481, 145, 23),
(3482, 144, 23),
(3483, 143, 23),
(3484, 142, 23),
(3485, 141, 23),
(3486, 140, 23),
(3487, 139, 23),
(3488, 138, 23),
(3489, 137, 23),
(3490, 136, 23),
(3491, 135, 23),
(3492, 134, 23),
(3493, 133, 23),
(3494, 132, 23),
(3495, 131, 23);
INSERT INTO `tfechahora` (`idfechahora`, `idfecha`, `idhora`) VALUES
(3496, 130, 23),
(3497, 129, 23),
(3498, 128, 23),
(3499, 127, 23),
(3500, 126, 23),
(3501, 125, 23),
(3502, 124, 23),
(3503, 123, 23),
(3504, 122, 23),
(3505, 121, 23),
(3506, 120, 23),
(3507, 119, 23),
(3508, 118, 23),
(3509, 117, 23),
(3510, 116, 23),
(3511, 115, 23),
(3512, 114, 23),
(3513, 113, 23),
(3514, 112, 23),
(3515, 111, 23),
(3516, 110, 23),
(3517, 109, 23),
(3518, 108, 23),
(3519, 107, 23),
(3520, 106, 23),
(3522, 104, 23),
(3523, 165, 20),
(3524, 164, 20),
(3525, 163, 20),
(3526, 162, 20),
(3527, 161, 20),
(3528, 160, 20),
(3529, 159, 20),
(3530, 158, 20),
(3531, 157, 20),
(3532, 156, 20),
(3533, 155, 20),
(3534, 154, 20),
(3535, 153, 20),
(3536, 152, 20),
(3537, 151, 20),
(3538, 150, 20),
(3539, 149, 20),
(3540, 148, 20),
(3541, 147, 20),
(3542, 146, 20),
(3543, 145, 20),
(3544, 144, 20),
(3545, 143, 20),
(3546, 142, 20),
(3547, 141, 20),
(3548, 140, 20),
(3549, 139, 20),
(3550, 138, 20),
(3551, 137, 20),
(3552, 136, 20),
(3553, 135, 20),
(3554, 134, 20),
(3555, 133, 20),
(3556, 132, 20),
(3557, 131, 20),
(3558, 130, 20),
(3559, 129, 20),
(3560, 128, 20),
(3561, 127, 20),
(3562, 126, 20),
(3563, 125, 20),
(3564, 124, 20),
(3565, 123, 20),
(3566, 122, 20),
(3567, 121, 20),
(3568, 120, 20),
(3569, 119, 20),
(3570, 118, 20),
(3571, 117, 20),
(3572, 116, 20),
(3573, 115, 20),
(3574, 114, 20),
(3575, 113, 20),
(3576, 112, 20),
(3577, 111, 20),
(3578, 110, 20),
(3579, 109, 20),
(3580, 108, 20),
(3581, 107, 20),
(3582, 106, 20),
(3583, 104, 20),
(3584, 103, 20),
(3585, 102, 20),
(3586, 101, 20),
(3587, 100, 20),
(3588, 164, 21),
(3589, 163, 21),
(3590, 162, 21),
(3591, 161, 21),
(3592, 160, 21),
(3593, 159, 21),
(3594, 158, 21),
(3595, 157, 21),
(3596, 156, 21),
(3597, 155, 21),
(3598, 154, 21),
(3599, 153, 21),
(3600, 152, 21),
(3601, 151, 21),
(3602, 150, 21),
(3603, 149, 21),
(3604, 148, 21),
(3605, 147, 21),
(3606, 146, 21),
(3607, 145, 21),
(3608, 144, 21),
(3609, 143, 21),
(3610, 142, 21),
(3611, 141, 21),
(3612, 140, 21),
(3613, 139, 21),
(3614, 138, 21),
(3615, 137, 21),
(3616, 136, 21),
(3617, 135, 21),
(3618, 134, 21),
(3619, 133, 21),
(3620, 132, 21),
(3621, 131, 21),
(3622, 130, 21),
(3623, 129, 21),
(3624, 128, 21),
(3625, 127, 21),
(3626, 126, 21),
(3627, 125, 21),
(3628, 124, 21),
(3629, 123, 21),
(3630, 122, 21),
(3631, 121, 21),
(3632, 120, 21),
(3633, 119, 21),
(3634, 118, 21),
(3635, 117, 21),
(3636, 116, 21),
(3637, 115, 21),
(3638, 114, 21),
(3639, 113, 21),
(3640, 112, 21),
(3641, 111, 21),
(3642, 110, 21),
(3643, 109, 21),
(3644, 108, 21),
(3645, 107, 21),
(3646, 106, 21),
(3647, 104, 21),
(3648, 103, 21),
(3649, 102, 21),
(3650, 101, 21),
(3651, 100, 21),
(3652, 165, 22),
(3653, 164, 22),
(3654, 163, 22),
(3655, 162, 22),
(3656, 161, 22),
(3657, 160, 22),
(3658, 159, 22),
(3659, 158, 22),
(3660, 157, 22),
(3661, 156, 22),
(3662, 155, 22),
(3663, 154, 22),
(3664, 153, 22),
(3665, 152, 22),
(3666, 151, 22),
(3667, 150, 22),
(3668, 149, 22),
(3669, 148, 22),
(3670, 147, 22),
(3671, 146, 22),
(3672, 145, 22),
(3673, 144, 22),
(3674, 143, 22),
(3675, 142, 22),
(3676, 141, 22),
(3677, 140, 22),
(3678, 139, 22),
(3679, 138, 22),
(3680, 137, 22),
(3681, 136, 22),
(3682, 135, 22),
(3683, 134, 22),
(3684, 133, 22),
(3685, 132, 22),
(3686, 131, 22),
(3687, 130, 22),
(3688, 129, 22),
(3689, 128, 22),
(3690, 127, 22),
(3691, 126, 22),
(3692, 125, 22),
(3693, 124, 22),
(3694, 123, 22),
(3695, 122, 22),
(3696, 121, 22),
(3697, 120, 22),
(3698, 119, 22),
(3699, 118, 22),
(3700, 117, 22),
(3701, 116, 22),
(3702, 115, 22),
(3703, 114, 22),
(3704, 113, 22),
(3705, 112, 22),
(3706, 111, 22),
(3707, 110, 22),
(3708, 109, 22),
(3709, 108, 22),
(3710, 107, 22),
(3711, 106, 22),
(3712, 104, 22),
(3713, 103, 22),
(3714, 102, 22),
(3715, 101, 22),
(3716, 100, 22),
(3717, 165, 23),
(3718, 164, 23),
(3719, 163, 23),
(3720, 162, 23),
(3721, 161, 23),
(3722, 160, 23),
(3723, 159, 23),
(3724, 158, 23),
(3725, 157, 23),
(3726, 156, 23),
(3727, 155, 23),
(3728, 154, 23),
(3729, 153, 23),
(3730, 152, 23),
(3731, 151, 23),
(3732, 150, 23),
(3733, 149, 23),
(3734, 148, 23),
(3735, 147, 23),
(3736, 146, 23),
(3737, 145, 23),
(3738, 144, 23),
(3739, 143, 23),
(3740, 142, 23),
(3741, 141, 23),
(3742, 140, 23),
(3743, 139, 23),
(3744, 138, 23),
(3745, 137, 23),
(3746, 136, 23),
(3747, 135, 23),
(3748, 134, 23),
(3749, 133, 23),
(3750, 132, 23),
(3751, 131, 23),
(3752, 130, 23),
(3753, 129, 23),
(3754, 128, 23),
(3755, 127, 23),
(3756, 126, 23),
(3757, 125, 23),
(3758, 124, 23),
(3759, 123, 23),
(3760, 122, 23),
(3761, 121, 23),
(3762, 120, 23),
(3763, 119, 23),
(3764, 118, 23),
(3765, 117, 23),
(3766, 116, 23),
(3767, 115, 23),
(3768, 114, 23),
(3769, 113, 23),
(3770, 112, 23),
(3771, 111, 23),
(3772, 110, 23),
(3773, 109, 23),
(3774, 108, 23),
(3775, 107, 23),
(3776, 106, 23),
(3777, 104, 23),
(3778, 103, 23),
(3779, 102, 23),
(3780, 101, 23),
(3781, 100, 23),
(3782, 165, 24),
(3783, 164, 24),
(3784, 163, 24),
(3785, 162, 24),
(3786, 161, 24),
(3787, 160, 24),
(3788, 159, 24),
(3789, 158, 24),
(3790, 157, 24),
(3791, 156, 24),
(3792, 155, 24),
(3793, 154, 24),
(3794, 153, 24),
(3795, 152, 24),
(3796, 151, 24),
(3797, 150, 24),
(3798, 149, 24),
(3799, 148, 24),
(3800, 147, 24),
(3801, 146, 24),
(3802, 145, 24),
(3803, 144, 24),
(3804, 143, 24),
(3805, 142, 24),
(3806, 141, 24),
(3807, 140, 24),
(3808, 139, 24),
(3809, 138, 24),
(3810, 137, 24),
(3811, 136, 24),
(3812, 135, 24),
(3813, 134, 24),
(3814, 133, 24),
(3815, 132, 24),
(3816, 131, 24),
(3817, 130, 24),
(3818, 129, 24),
(3819, 128, 24),
(3820, 127, 24),
(3821, 126, 24),
(3822, 125, 24),
(3823, 124, 24),
(3824, 123, 24),
(3825, 122, 24),
(3826, 121, 24),
(3827, 120, 24),
(3828, 119, 24),
(3829, 118, 24),
(3830, 117, 24),
(3831, 116, 24),
(3832, 115, 24),
(3833, 114, 24),
(3834, 113, 24),
(3835, 112, 24),
(3836, 111, 24),
(3837, 110, 24),
(3838, 109, 24),
(3839, 108, 24),
(3840, 107, 24),
(3841, 106, 24),
(3842, 104, 24),
(3843, 103, 24),
(3844, 102, 24),
(3845, 101, 24),
(3846, 100, 24),
(3847, 165, 25),
(3848, 164, 25),
(3849, 163, 25),
(3850, 162, 25),
(3851, 161, 25),
(3852, 160, 25),
(3853, 159, 25),
(3854, 158, 25),
(3855, 157, 25),
(3856, 156, 25),
(3857, 155, 25),
(3858, 154, 25),
(3859, 153, 25),
(3860, 152, 25),
(3861, 151, 25),
(3862, 150, 25),
(3863, 149, 25),
(3864, 148, 25),
(3865, 147, 25),
(3866, 146, 25),
(3867, 145, 25),
(3868, 144, 25),
(3869, 143, 25),
(3870, 142, 25),
(3871, 141, 25),
(3872, 140, 25),
(3873, 139, 25),
(3874, 138, 25),
(3875, 137, 25),
(3876, 136, 25),
(3877, 135, 25),
(3878, 134, 25),
(3879, 133, 25),
(3880, 132, 25),
(3881, 131, 25),
(3882, 130, 25),
(3883, 129, 25),
(3884, 128, 25),
(3885, 127, 25),
(3886, 126, 25),
(3887, 125, 25),
(3888, 124, 25),
(3889, 123, 25),
(3890, 122, 25),
(3891, 121, 25),
(3892, 120, 25),
(3893, 119, 25),
(3894, 118, 25),
(3895, 117, 25),
(3896, 116, 25),
(3897, 115, 25),
(3898, 114, 25),
(3899, 113, 25),
(3900, 112, 25),
(3901, 111, 25),
(3902, 110, 25),
(3903, 109, 25),
(3904, 108, 25),
(3905, 107, 25),
(3906, 106, 25),
(3907, 104, 25),
(3908, 103, 25),
(3909, 102, 25),
(3910, 101, 25),
(3911, 100, 25),
(3912, 165, 26),
(3913, 164, 26),
(3914, 163, 26),
(3915, 162, 26),
(3916, 161, 26),
(3917, 160, 26),
(3918, 159, 26),
(3919, 158, 26),
(3920, 157, 26),
(3921, 156, 26),
(3922, 155, 26),
(3923, 154, 26),
(3924, 153, 26),
(3925, 152, 26),
(3926, 151, 26),
(3927, 150, 26),
(3928, 149, 26),
(3929, 148, 26),
(3930, 147, 26),
(3931, 146, 26),
(3932, 145, 26),
(3933, 144, 26),
(3934, 143, 26),
(3935, 142, 26),
(3936, 141, 26),
(3937, 140, 26),
(3938, 139, 26),
(3939, 138, 26),
(3940, 137, 26),
(3941, 136, 26),
(3942, 135, 26),
(3943, 134, 26),
(3944, 133, 26),
(3945, 132, 26),
(3946, 131, 26),
(3947, 130, 26),
(3948, 129, 26),
(3949, 128, 26),
(3950, 127, 26),
(3951, 126, 26),
(3952, 125, 26),
(3953, 124, 26),
(3954, 123, 26),
(3955, 122, 26),
(3956, 121, 26),
(3957, 120, 26),
(3958, 119, 26),
(3959, 118, 26),
(3960, 117, 26),
(3961, 116, 26),
(3962, 115, 26),
(3963, 114, 26),
(3964, 113, 26),
(3965, 112, 26),
(3966, 111, 26),
(3967, 110, 26),
(3968, 109, 26),
(3969, 108, 26),
(3970, 107, 26),
(3971, 106, 26),
(3972, 104, 26),
(3973, 103, 26),
(3974, 102, 26),
(3975, 101, 26),
(3976, 100, 26),
(3977, 165, 27),
(3978, 164, 27),
(3979, 163, 27),
(3980, 162, 27),
(3981, 161, 27),
(3982, 160, 27),
(3983, 159, 27),
(3984, 158, 27),
(3985, 157, 27),
(3986, 156, 27),
(3987, 155, 27),
(3988, 154, 27),
(3989, 153, 27),
(3990, 152, 27),
(3991, 151, 27),
(3992, 150, 27),
(3993, 149, 27),
(3994, 148, 27),
(3995, 147, 27),
(3996, 146, 27),
(3997, 145, 27),
(3998, 144, 27),
(3999, 143, 27),
(4000, 142, 27),
(4001, 141, 27),
(4002, 140, 27),
(4003, 139, 27),
(4004, 138, 27),
(4005, 137, 27),
(4006, 136, 27),
(4007, 135, 27),
(4008, 134, 27),
(4009, 133, 27),
(4010, 132, 27),
(4011, 131, 27),
(4012, 130, 27),
(4013, 129, 27),
(4014, 128, 27),
(4015, 127, 27),
(4016, 126, 27),
(4017, 125, 27),
(4018, 124, 27),
(4019, 123, 27),
(4020, 122, 27),
(4021, 121, 27),
(4022, 120, 27),
(4023, 119, 27),
(4024, 118, 27),
(4025, 117, 27),
(4026, 116, 27),
(4027, 115, 27),
(4028, 114, 27),
(4029, 113, 27),
(4030, 112, 27),
(4031, 111, 27),
(4032, 110, 27),
(4033, 109, 27),
(4034, 108, 27),
(4035, 107, 27),
(4036, 106, 27),
(4037, 165, 28),
(4038, 164, 28),
(4039, 163, 28),
(4040, 162, 28),
(4041, 161, 28),
(4042, 160, 28),
(4043, 159, 28),
(4044, 158, 28),
(4045, 157, 28),
(4046, 156, 28),
(4047, 155, 28),
(4048, 154, 28),
(4049, 153, 28),
(4050, 152, 28),
(4051, 151, 28),
(4052, 150, 28),
(4053, 149, 28),
(4054, 148, 28),
(4055, 147, 28),
(4056, 146, 28),
(4057, 145, 28),
(4058, 144, 28),
(4059, 143, 28),
(4060, 142, 28),
(4061, 141, 28),
(4062, 140, 28),
(4063, 139, 28),
(4064, 138, 28),
(4065, 137, 28),
(4066, 136, 28),
(4067, 135, 28),
(4068, 134, 28),
(4069, 133, 28),
(4070, 132, 28),
(4071, 131, 28),
(4072, 130, 28),
(4073, 129, 28),
(4074, 128, 28),
(4075, 127, 28),
(4076, 126, 28),
(4077, 125, 28),
(4078, 124, 28),
(4079, 123, 28),
(4080, 122, 28),
(4081, 121, 28),
(4082, 120, 28),
(4083, 119, 28),
(4084, 118, 28),
(4085, 117, 28),
(4086, 116, 28),
(4087, 115, 28),
(4088, 114, 28),
(4089, 113, 28),
(4090, 112, 28),
(4091, 111, 28),
(4092, 110, 28),
(4093, 109, 28),
(4094, 108, 28),
(4095, 107, 28),
(4096, 106, 28),
(4097, 165, 29),
(4098, 164, 29),
(4099, 163, 29),
(4100, 162, 29),
(4101, 161, 29),
(4102, 160, 29),
(4103, 159, 29),
(4104, 158, 29),
(4105, 157, 29),
(4106, 156, 29),
(4107, 155, 29),
(4108, 154, 29),
(4109, 153, 29),
(4110, 152, 29),
(4111, 151, 29),
(4112, 150, 29),
(4113, 149, 29),
(4114, 148, 29),
(4115, 147, 29),
(4116, 146, 29),
(4117, 145, 29),
(4118, 144, 29),
(4119, 143, 29),
(4120, 142, 29),
(4121, 141, 29),
(4122, 140, 29),
(4123, 139, 29),
(4124, 138, 29),
(4125, 137, 29),
(4126, 136, 29),
(4127, 135, 29),
(4128, 134, 29),
(4129, 133, 29),
(4130, 132, 29),
(4131, 131, 29),
(4132, 130, 29),
(4133, 129, 29),
(4134, 128, 29),
(4135, 127, 29),
(4136, 126, 29),
(4137, 125, 29),
(4138, 124, 29),
(4139, 123, 29),
(4140, 122, 29),
(4141, 121, 29),
(4142, 120, 29),
(4143, 119, 29),
(4144, 118, 29),
(4145, 117, 29),
(4146, 116, 29),
(4147, 115, 29),
(4148, 114, 29),
(4149, 113, 29),
(4150, 112, 29),
(4151, 111, 29),
(4152, 110, 29),
(4153, 109, 29),
(4154, 108, 29),
(4155, 107, 29),
(4156, 106, 29),
(4157, 165, 30),
(4158, 164, 30),
(4159, 163, 30),
(4160, 162, 30),
(4161, 161, 30),
(4162, 160, 30),
(4163, 159, 30),
(4164, 158, 30),
(4165, 157, 30),
(4166, 156, 30),
(4167, 155, 30),
(4168, 154, 30),
(4169, 153, 30),
(4170, 152, 30),
(4171, 151, 30),
(4172, 150, 30),
(4173, 149, 30),
(4174, 148, 30),
(4175, 147, 30),
(4176, 146, 30),
(4177, 145, 30),
(4178, 144, 30),
(4179, 143, 30),
(4180, 142, 30),
(4181, 141, 30),
(4182, 140, 30),
(4183, 139, 30),
(4184, 138, 30),
(4185, 137, 30),
(4186, 136, 30),
(4187, 135, 30),
(4188, 134, 30),
(4189, 133, 30),
(4190, 132, 30),
(4191, 131, 30),
(4192, 130, 30),
(4193, 129, 30),
(4194, 128, 30),
(4195, 127, 30),
(4196, 126, 30),
(4197, 125, 30),
(4198, 124, 30),
(4199, 123, 30),
(4200, 122, 30),
(4201, 121, 30),
(4202, 120, 30),
(4203, 119, 30),
(4204, 118, 30),
(4205, 117, 30),
(4206, 116, 30),
(4207, 115, 30),
(4208, 114, 30),
(4209, 113, 30),
(4210, 112, 30),
(4211, 111, 30),
(4212, 110, 30),
(4213, 109, 30),
(4214, 108, 30),
(4215, 107, 30),
(4216, 106, 30),
(4217, 165, 31),
(4218, 164, 31),
(4219, 163, 31),
(4220, 162, 31),
(4221, 161, 31),
(4222, 160, 31),
(4223, 159, 31),
(4224, 158, 31),
(4225, 157, 31),
(4226, 156, 31),
(4227, 155, 31),
(4228, 154, 31),
(4229, 153, 31),
(4230, 152, 31),
(4231, 151, 31),
(4232, 150, 31),
(4233, 149, 31),
(4234, 148, 31),
(4235, 147, 31),
(4236, 146, 31),
(4237, 145, 31),
(4238, 144, 31),
(4239, 143, 31),
(4240, 142, 31),
(4241, 141, 31),
(4242, 140, 31),
(4243, 139, 31),
(4244, 138, 31),
(4245, 137, 31),
(4246, 136, 31),
(4247, 135, 31),
(4248, 134, 31),
(4249, 133, 31),
(4250, 132, 31),
(4251, 131, 31),
(4252, 130, 31),
(4253, 129, 31),
(4254, 128, 31),
(4255, 127, 31),
(4256, 126, 31),
(4257, 125, 31),
(4258, 124, 31),
(4259, 123, 31),
(4260, 122, 31),
(4261, 121, 31),
(4262, 120, 31),
(4263, 119, 31),
(4264, 118, 31),
(4265, 117, 31),
(4266, 116, 31),
(4267, 115, 31),
(4268, 114, 31),
(4269, 113, 31),
(4270, 112, 31),
(4271, 111, 31),
(4272, 110, 31),
(4273, 109, 31),
(4274, 108, 31),
(4275, 107, 31),
(4276, 106, 31),
(4277, 164, 32),
(4278, 163, 32),
(4279, 162, 32),
(4280, 161, 32),
(4281, 160, 32),
(4282, 159, 32),
(4283, 158, 32),
(4284, 157, 32),
(4285, 156, 32),
(4286, 155, 32),
(4287, 154, 32),
(4288, 153, 32),
(4289, 152, 32),
(4290, 151, 32),
(4291, 150, 32),
(4292, 149, 32),
(4293, 148, 32),
(4294, 147, 32),
(4295, 146, 32),
(4296, 145, 32),
(4297, 144, 32),
(4298, 143, 32),
(4299, 142, 32),
(4300, 141, 32),
(4301, 140, 32),
(4302, 139, 32),
(4303, 138, 32),
(4304, 137, 32),
(4305, 136, 32),
(4306, 135, 32),
(4307, 134, 32),
(4308, 133, 32),
(4309, 132, 32),
(4310, 131, 32),
(4311, 130, 32),
(4312, 129, 32),
(4313, 128, 32),
(4314, 127, 32),
(4315, 126, 32),
(4316, 125, 32),
(4317, 124, 32),
(4318, 123, 32),
(4319, 122, 32),
(4320, 121, 32),
(4321, 120, 32),
(4322, 119, 32),
(4323, 118, 32),
(4324, 117, 32),
(4325, 116, 32),
(4326, 115, 32),
(4327, 114, 32),
(4328, 113, 32),
(4329, 112, 32),
(4330, 111, 32),
(4331, 110, 32),
(4332, 109, 32),
(4333, 108, 32),
(4334, 107, 32),
(4335, 106, 32),
(4336, 165, 32),
(4337, 165, 33),
(4338, 164, 33),
(4339, 163, 33),
(4340, 162, 33),
(4341, 161, 33),
(4342, 160, 33),
(4343, 159, 33),
(4344, 158, 33),
(4345, 157, 33),
(4346, 156, 33),
(4347, 155, 33),
(4348, 154, 33),
(4349, 153, 33),
(4350, 152, 33),
(4351, 151, 33),
(4352, 150, 33),
(4353, 149, 33),
(4354, 148, 33),
(4355, 147, 33),
(4356, 146, 33),
(4357, 145, 33),
(4358, 144, 33),
(4359, 143, 33),
(4360, 142, 33),
(4361, 141, 33),
(4362, 140, 33),
(4363, 139, 33),
(4364, 138, 33),
(4365, 137, 33),
(4366, 136, 33),
(4367, 135, 33),
(4368, 134, 33),
(4369, 133, 33),
(4370, 132, 33),
(4371, 131, 33),
(4372, 130, 33),
(4373, 129, 33),
(4374, 128, 33),
(4375, 127, 33),
(4376, 126, 33),
(4377, 125, 33),
(4378, 124, 33),
(4379, 123, 33),
(4380, 122, 33),
(4381, 121, 33),
(4382, 120, 33),
(4383, 119, 33),
(4384, 118, 33),
(4385, 117, 33),
(4386, 116, 33),
(4387, 115, 33),
(4388, 114, 33),
(4389, 113, 33),
(4390, 112, 33),
(4391, 111, 33),
(4392, 110, 33),
(4393, 109, 33),
(4394, 108, 33),
(4395, 107, 33),
(4396, 106, 33),
(4397, 165, 34),
(4398, 164, 34),
(4399, 163, 34),
(4400, 162, 34),
(4401, 161, 34),
(4402, 160, 34),
(4403, 159, 34),
(4404, 158, 34),
(4405, 157, 34),
(4406, 156, 34),
(4407, 155, 34),
(4408, 154, 34),
(4409, 153, 34),
(4410, 152, 34),
(4411, 151, 34),
(4412, 150, 34),
(4413, 149, 34),
(4414, 148, 34),
(4415, 147, 34),
(4416, 146, 34),
(4417, 145, 34),
(4418, 144, 34),
(4419, 143, 34),
(4420, 142, 34),
(4421, 141, 34),
(4422, 140, 34),
(4423, 139, 34),
(4424, 138, 34),
(4425, 137, 34),
(4426, 136, 34),
(4427, 135, 34),
(4428, 134, 34),
(4429, 133, 34),
(4430, 132, 34),
(4431, 131, 34),
(4432, 130, 34),
(4433, 129, 34),
(4434, 128, 34),
(4435, 127, 34),
(4436, 126, 34),
(4437, 125, 34),
(4438, 124, 34),
(4439, 123, 34),
(4440, 122, 34),
(4441, 121, 34),
(4442, 120, 34),
(4443, 119, 34),
(4444, 118, 34),
(4445, 117, 34),
(4446, 116, 34),
(4447, 115, 34),
(4448, 114, 34),
(4449, 113, 34),
(4450, 112, 34),
(4451, 111, 34),
(4452, 110, 34),
(4453, 109, 34),
(4454, 108, 34),
(4455, 107, 34),
(4456, 106, 34),
(4457, 104, 34),
(4458, 103, 34),
(4459, 102, 34),
(4460, 101, 34),
(4461, 100, 34),
(4462, 104, 33),
(4463, 103, 33),
(4464, 102, 33),
(4465, 101, 33),
(4466, 100, 33),
(4467, 104, 32),
(4468, 103, 32),
(4469, 102, 32),
(4470, 101, 32),
(4471, 100, 32),
(4472, 104, 31),
(4473, 103, 31),
(4474, 102, 31),
(4475, 101, 31),
(4476, 100, 31),
(4477, 104, 30),
(4478, 103, 30),
(4479, 102, 30),
(4480, 101, 30),
(4481, 100, 30),
(4482, 104, 29),
(4483, 103, 29),
(4484, 102, 29),
(4485, 101, 29),
(4486, 100, 29),
(4487, 104, 28),
(4488, 103, 28),
(4489, 102, 28),
(4490, 101, 28),
(4491, 100, 28),
(4492, 104, 27),
(4493, 103, 27),
(4494, 102, 27),
(4495, 101, 27),
(4496, 100, 27),
(4497, 126, 36),
(4498, 125, 36),
(4499, 124, 36),
(4500, 123, 36),
(4501, 122, 36),
(4502, 121, 36),
(4503, 120, 36),
(4504, 119, 36),
(4505, 118, 36),
(4506, 117, 36),
(4507, 116, 36),
(4508, 115, 36),
(4509, 114, 36),
(4510, 113, 36),
(4511, 112, 36),
(4512, 111, 36),
(4513, 110, 36),
(4514, 109, 36),
(4515, 108, 36),
(4516, 107, 36),
(4517, 106, 36),
(4518, 165, 37),
(4519, 164, 37),
(4520, 163, 37),
(4521, 162, 37),
(4522, 161, 37),
(4523, 160, 37),
(4524, 159, 37),
(4525, 158, 37),
(4526, 157, 37),
(4527, 156, 37),
(4528, 155, 37),
(4529, 154, 37),
(4530, 153, 37),
(4531, 152, 37),
(4532, 151, 37),
(4533, 150, 37),
(4534, 149, 37),
(4535, 148, 37),
(4536, 147, 37),
(4537, 146, 37),
(4538, 145, 37),
(4539, 144, 37),
(4540, 143, 37),
(4541, 142, 37),
(4542, 141, 37),
(4543, 140, 37),
(4544, 139, 37),
(4545, 138, 37),
(4546, 137, 37),
(4547, 136, 37),
(4548, 135, 37),
(4549, 134, 37),
(4550, 133, 37),
(4551, 132, 37),
(4552, 131, 37),
(4553, 130, 37),
(4554, 129, 37),
(4555, 128, 37),
(4556, 127, 37),
(4557, 126, 37),
(4558, 125, 37),
(4559, 124, 37),
(4560, 123, 37),
(4561, 122, 37),
(4562, 121, 37),
(4563, 120, 37),
(4564, 119, 37),
(4565, 118, 37),
(4566, 117, 37),
(4567, 116, 37),
(4568, 115, 37),
(4569, 114, 37),
(4570, 113, 37),
(4571, 112, 37),
(4572, 111, 37),
(4573, 110, 37),
(4574, 109, 37),
(4575, 108, 37),
(4576, 107, 37),
(4577, 106, 37),
(4578, 165, 38),
(4579, 164, 38),
(4580, 163, 38),
(4581, 162, 38),
(4582, 161, 38),
(4583, 160, 38),
(4584, 159, 38),
(4585, 158, 38),
(4586, 157, 38),
(4587, 156, 38),
(4588, 155, 38),
(4589, 154, 38),
(4590, 153, 38),
(4591, 152, 38),
(4592, 151, 38),
(4593, 150, 38),
(4594, 149, 38),
(4595, 148, 38),
(4596, 147, 38),
(4597, 146, 38),
(4598, 145, 38),
(4599, 144, 38),
(4600, 143, 38),
(4601, 142, 38),
(4602, 141, 38),
(4603, 140, 38),
(4604, 139, 38),
(4605, 138, 38),
(4606, 137, 38),
(4607, 136, 38),
(4608, 135, 38),
(4609, 134, 38),
(4610, 133, 38),
(4611, 132, 38),
(4612, 131, 38),
(4613, 130, 38),
(4614, 129, 38),
(4615, 128, 38),
(4616, 127, 38),
(4617, 126, 38),
(4618, 125, 38),
(4619, 124, 38),
(4620, 123, 38),
(4621, 122, 38),
(4622, 121, 38),
(4623, 120, 38),
(4624, 119, 38),
(4625, 118, 38),
(4626, 117, 38),
(4627, 116, 38),
(4628, 115, 38),
(4629, 114, 38),
(4630, 113, 38),
(4631, 112, 38),
(4632, 111, 38),
(4633, 110, 38),
(4634, 109, 38),
(4635, 108, 38),
(4636, 107, 38),
(4637, 106, 38),
(4638, 165, 39),
(4639, 164, 39),
(4640, 163, 39),
(4641, 162, 39),
(4642, 161, 39),
(4643, 160, 39),
(4644, 159, 39),
(4645, 158, 39),
(4646, 157, 39),
(4647, 156, 39),
(4648, 155, 39),
(4649, 154, 39),
(4650, 153, 39),
(4651, 152, 39),
(4652, 151, 39),
(4653, 150, 39),
(4654, 149, 39),
(4655, 148, 39),
(4656, 147, 39),
(4657, 146, 39),
(4658, 145, 39),
(4659, 144, 39),
(4660, 143, 39),
(4661, 142, 39),
(4662, 141, 39),
(4663, 140, 39),
(4664, 139, 39),
(4665, 138, 39),
(4666, 137, 39),
(4667, 136, 39),
(4668, 135, 39),
(4669, 134, 39),
(4670, 133, 39),
(4671, 132, 39),
(4672, 131, 39),
(4673, 130, 39),
(4674, 129, 39),
(4675, 128, 39),
(4676, 127, 39),
(4677, 126, 39),
(4678, 125, 39),
(4679, 124, 39),
(4680, 123, 39),
(4681, 122, 39),
(4682, 121, 39),
(4683, 120, 39),
(4684, 119, 39),
(4685, 118, 39),
(4686, 117, 39),
(4687, 116, 39),
(4688, 115, 39),
(4689, 114, 39),
(4690, 113, 39),
(4691, 112, 39),
(4692, 111, 39),
(4693, 110, 39),
(4694, 109, 39),
(4695, 108, 39),
(4696, 107, 39),
(4697, 106, 39),
(4698, 165, 40),
(4699, 164, 40),
(4700, 163, 40),
(4701, 162, 40),
(4702, 161, 40),
(4703, 160, 40),
(4704, 159, 40),
(4705, 158, 40),
(4706, 157, 40),
(4707, 156, 40),
(4708, 155, 40),
(4709, 154, 40),
(4710, 153, 40),
(4711, 152, 40),
(4712, 151, 40),
(4713, 150, 40),
(4714, 149, 40),
(4715, 148, 40),
(4716, 147, 40),
(4717, 146, 40),
(4718, 145, 40),
(4719, 144, 40),
(4720, 143, 40),
(4721, 142, 40),
(4722, 141, 40),
(4723, 140, 40),
(4724, 139, 40),
(4725, 138, 40),
(4726, 137, 40),
(4727, 136, 40),
(4728, 135, 40),
(4729, 134, 40),
(4730, 133, 40),
(4731, 132, 40),
(4732, 131, 40),
(4733, 130, 40),
(4734, 129, 40),
(4735, 128, 40),
(4736, 127, 40),
(4737, 126, 40),
(4738, 125, 40),
(4739, 124, 40),
(4740, 123, 40),
(4741, 122, 40),
(4742, 121, 40),
(4743, 120, 40),
(4744, 119, 40),
(4745, 118, 40),
(4746, 117, 40),
(4747, 116, 40),
(4748, 115, 40),
(4749, 114, 40),
(4750, 113, 40),
(4751, 112, 40),
(4752, 111, 40),
(4753, 110, 40),
(4754, 109, 40),
(4755, 108, 40),
(4756, 107, 40),
(4757, 106, 40),
(4758, 165, 41),
(4759, 164, 41),
(4760, 163, 41),
(4761, 162, 41),
(4762, 161, 41),
(4763, 160, 41),
(4764, 159, 41),
(4765, 158, 41),
(4766, 157, 41),
(4767, 156, 41),
(4768, 155, 41),
(4769, 154, 41),
(4770, 153, 41),
(4771, 152, 41),
(4772, 151, 41),
(4773, 150, 41),
(4774, 149, 41),
(4775, 148, 41),
(4776, 147, 41),
(4777, 146, 41),
(4778, 145, 41),
(4779, 144, 41),
(4780, 143, 41),
(4781, 142, 41),
(4782, 141, 41),
(4783, 140, 41),
(4784, 139, 41),
(4785, 138, 41),
(4786, 137, 41),
(4787, 136, 41),
(4788, 135, 41),
(4789, 134, 41),
(4790, 133, 41),
(4791, 132, 41),
(4792, 131, 41),
(4793, 130, 41),
(4794, 129, 41),
(4795, 128, 41),
(4796, 127, 41),
(4797, 126, 41),
(4798, 125, 41),
(4799, 124, 41),
(4800, 123, 41),
(4801, 122, 41),
(4802, 121, 41),
(4803, 120, 41),
(4804, 119, 41),
(4805, 118, 41),
(4806, 117, 41),
(4807, 116, 41),
(4808, 115, 41),
(4809, 114, 41),
(4810, 113, 41),
(4811, 112, 41),
(4812, 111, 41),
(4813, 110, 41),
(4814, 109, 41),
(4815, 108, 41),
(4816, 107, 41),
(4817, 106, 41),
(4818, 165, 42),
(4819, 164, 42),
(4820, 163, 42),
(4821, 162, 42),
(4822, 161, 42),
(4823, 160, 42),
(4824, 159, 42),
(4825, 158, 42),
(4826, 157, 42),
(4827, 156, 42),
(4828, 155, 42),
(4829, 154, 42),
(4830, 153, 42),
(4831, 152, 42),
(4832, 151, 42),
(4833, 150, 42),
(4834, 149, 42),
(4835, 148, 42),
(4836, 147, 42),
(4837, 146, 42),
(4838, 145, 42),
(4839, 144, 42),
(4840, 143, 42),
(4841, 142, 42),
(4842, 141, 42),
(4843, 140, 42),
(4844, 139, 42),
(4845, 138, 42),
(4846, 137, 42),
(4847, 136, 42),
(4848, 135, 42),
(4849, 134, 42),
(4850, 133, 42),
(4851, 132, 42),
(4852, 131, 42),
(4853, 130, 42),
(4854, 129, 42),
(4855, 128, 42),
(4856, 127, 42),
(4857, 126, 42),
(4858, 125, 42),
(4859, 124, 42),
(4860, 123, 42),
(4861, 122, 42),
(4862, 121, 42),
(4863, 120, 42),
(4864, 119, 42),
(4865, 118, 42),
(4866, 117, 42),
(4867, 116, 42),
(4868, 115, 42),
(4869, 114, 42),
(4870, 113, 42),
(4871, 112, 42),
(4872, 111, 42),
(4873, 110, 42),
(4874, 109, 42),
(4875, 108, 42),
(4876, 107, 42),
(4877, 106, 42),
(4878, 165, 43),
(4879, 164, 43),
(4880, 163, 43),
(4881, 162, 43),
(4882, 161, 43),
(4883, 160, 43),
(4884, 159, 43),
(4885, 158, 43),
(4886, 157, 43),
(4887, 156, 43),
(4888, 155, 43),
(4889, 154, 43),
(4890, 153, 43),
(4891, 152, 43),
(4892, 151, 43),
(4893, 150, 43),
(4894, 149, 43),
(4895, 148, 43),
(4896, 147, 43),
(4897, 146, 43),
(4898, 145, 43),
(4899, 144, 43),
(4900, 143, 43),
(4901, 142, 43),
(4902, 141, 43),
(4903, 140, 43),
(4904, 139, 43),
(4905, 138, 43),
(4906, 137, 43),
(4907, 136, 43),
(4908, 135, 43),
(4909, 134, 43),
(4910, 133, 43),
(4911, 132, 43),
(4912, 131, 43),
(4913, 130, 43),
(4914, 129, 43),
(4915, 128, 43),
(4916, 127, 43),
(4917, 126, 43),
(4918, 125, 43),
(4919, 124, 43),
(4920, 123, 43),
(4921, 122, 43),
(4922, 121, 43),
(4923, 120, 43),
(4924, 119, 43),
(4925, 118, 43),
(4926, 117, 43),
(4927, 116, 43),
(4928, 115, 43),
(4929, 114, 43),
(4930, 113, 43),
(4931, 112, 43),
(4932, 111, 43),
(4933, 110, 43),
(4934, 109, 43),
(4935, 108, 43),
(4936, 107, 43),
(4937, 106, 43),
(4938, 165, 44),
(4939, 164, 44),
(4940, 163, 44),
(4941, 162, 44),
(4942, 161, 44),
(4943, 160, 44),
(4944, 159, 44),
(4945, 158, 44),
(4946, 157, 44),
(4947, 156, 44),
(4948, 155, 44),
(4949, 154, 44),
(4950, 153, 44),
(4951, 152, 44),
(4952, 151, 44),
(4953, 150, 44),
(4954, 149, 44),
(4955, 148, 44),
(4956, 147, 44),
(4957, 146, 44),
(4958, 145, 44),
(4959, 144, 44),
(4960, 143, 44),
(4961, 142, 44),
(4962, 141, 44),
(4963, 140, 44),
(4964, 139, 44),
(4965, 138, 44),
(4966, 137, 44),
(4967, 136, 44),
(4968, 135, 44),
(4969, 134, 44),
(4970, 133, 44),
(4971, 132, 44),
(4972, 131, 44),
(4973, 130, 44),
(4974, 129, 44),
(4975, 128, 44),
(4976, 127, 44),
(4977, 126, 44),
(4978, 125, 44),
(4979, 124, 44),
(4980, 123, 44),
(4981, 122, 44),
(4982, 121, 44),
(4983, 120, 44),
(4984, 119, 44),
(4985, 118, 44),
(4986, 117, 44),
(4987, 116, 44),
(4988, 115, 44),
(4989, 114, 44),
(4990, 113, 44),
(4991, 112, 44),
(4992, 111, 44),
(4993, 110, 44),
(4994, 109, 44),
(4995, 108, 44),
(4996, 107, 44),
(4997, 106, 44),
(4998, 165, 44),
(4999, 164, 45),
(5000, 163, 45),
(5001, 162, 45),
(5002, 161, 45),
(5003, 160, 45),
(5004, 159, 45),
(5005, 158, 45),
(5006, 157, 45),
(5007, 156, 45),
(5008, 155, 45),
(5009, 154, 45),
(5010, 153, 45),
(5011, 152, 45),
(5012, 151, 45),
(5013, 150, 45),
(5014, 149, 45),
(5015, 148, 45),
(5016, 147, 45),
(5017, 146, 45),
(5018, 145, 45),
(5019, 144, 45),
(5020, 143, 45),
(5021, 142, 45),
(5022, 141, 45),
(5023, 140, 45),
(5024, 139, 45),
(5025, 138, 45),
(5026, 137, 45),
(5027, 136, 45),
(5028, 135, 45),
(5029, 134, 45),
(5030, 133, 45),
(5031, 132, 45),
(5032, 131, 45),
(5033, 130, 45),
(5034, 129, 45),
(5035, 128, 45),
(5036, 127, 45),
(5037, 126, 45),
(5038, 125, 45),
(5039, 124, 45),
(5040, 123, 45),
(5041, 122, 45),
(5042, 121, 45),
(5043, 120, 45),
(5044, 119, 45),
(5045, 118, 45),
(5046, 117, 45),
(5047, 116, 45),
(5048, 115, 45),
(5049, 114, 45),
(5050, 113, 45),
(5051, 112, 45),
(5052, 111, 45),
(5053, 110, 45),
(5054, 109, 45),
(5055, 108, 45),
(5056, 107, 45),
(5057, 106, 45),
(5058, 104, 45),
(5059, 103, 45),
(5060, 102, 45),
(5061, 101, 45),
(5062, 100, 45),
(5063, 104, 44),
(5064, 103, 44),
(5065, 102, 44),
(5066, 101, 44),
(5067, 100, 44),
(5068, 104, 43),
(5069, 103, 43),
(5070, 102, 43),
(5071, 101, 43),
(5072, 100, 43),
(5073, 104, 42),
(5074, 103, 42),
(5075, 102, 42),
(5076, 101, 42),
(5077, 100, 42),
(5078, 104, 41),
(5079, 103, 41),
(5080, 102, 41),
(5081, 101, 41),
(5082, 100, 41),
(5083, 104, 40),
(5084, 103, 40),
(5085, 102, 40),
(5086, 101, 40),
(5087, 100, 40),
(5088, 104, 39),
(5089, 103, 39),
(5090, 102, 39),
(5091, 101, 39),
(5092, 100, 39),
(5093, 104, 38),
(5094, 103, 38),
(5095, 102, 38),
(5096, 101, 38),
(5097, 100, 38),
(5098, 104, 37),
(5099, 103, 37),
(5100, 102, 37),
(5101, 101, 37),
(5102, 100, 37),
(5103, 104, 36),
(5104, 103, 36),
(5105, 102, 36),
(5106, 101, 36),
(5107, 100, 36),
(5108, 104, 35),
(5109, 103, 35),
(5110, 102, 35),
(5111, 101, 35),
(5112, 100, 35),
(5113, 99, 45),
(5114, 98, 45),
(5115, 97, 45),
(5116, 96, 45),
(5117, 95, 45),
(5118, 94, 45),
(5119, 93, 45),
(5120, 92, 45),
(5121, 91, 45),
(5122, 90, 45),
(5123, 89, 45),
(5124, 88, 45),
(5125, 87, 45),
(5126, 86, 45),
(5127, 85, 45),
(5128, 84, 45),
(5129, 83, 45),
(5130, 82, 45),
(5131, 81, 45),
(5132, 80, 45),
(5133, 79, 45),
(5134, 78, 45),
(5135, 77, 45),
(5136, 76, 45),
(5137, 75, 45),
(5138, 74, 45),
(5139, 73, 45),
(5140, 72, 45),
(5141, 71, 45),
(5142, 99, 44),
(5143, 98, 44),
(5144, 97, 44),
(5145, 96, 44),
(5146, 95, 44),
(5147, 94, 44),
(5148, 93, 44),
(5149, 92, 44),
(5150, 91, 44),
(5151, 90, 44),
(5152, 89, 44),
(5153, 88, 44),
(5154, 87, 44),
(5155, 86, 44),
(5156, 85, 44),
(5157, 84, 44),
(5158, 83, 44),
(5159, 82, 44),
(5160, 81, 44),
(5161, 80, 44),
(5162, 79, 44),
(5163, 78, 44),
(5164, 77, 44),
(5165, 76, 44),
(5166, 75, 44),
(5167, 74, 44),
(5168, 73, 44),
(5169, 72, 44),
(5170, 71, 44),
(5171, 99, 43),
(5172, 98, 43),
(5173, 97, 43),
(5174, 96, 43),
(5175, 95, 43),
(5176, 94, 43),
(5177, 93, 43),
(5178, 92, 43),
(5179, 91, 43),
(5180, 90, 43),
(5181, 89, 43),
(5182, 88, 43),
(5183, 87, 43),
(5184, 86, 43),
(5185, 85, 43),
(5186, 84, 43),
(5187, 83, 43),
(5188, 82, 43),
(5189, 81, 43),
(5190, 80, 43),
(5191, 79, 43),
(5192, 78, 43),
(5193, 77, 43),
(5194, 76, 43),
(5195, 75, 43),
(5196, 74, 43),
(5197, 73, 43),
(5198, 72, 43),
(5199, 71, 43),
(5200, 99, 42),
(5201, 98, 42),
(5202, 97, 42),
(5203, 96, 42),
(5204, 95, 42),
(5205, 94, 42),
(5206, 93, 42),
(5207, 92, 42),
(5208, 91, 42),
(5209, 90, 42),
(5210, 89, 42),
(5211, 88, 42),
(5212, 87, 42),
(5213, 86, 42),
(5214, 85, 42),
(5215, 84, 42),
(5216, 83, 42),
(5217, 82, 42),
(5218, 81, 42),
(5219, 80, 42),
(5220, 79, 42),
(5221, 78, 42),
(5222, 77, 42),
(5223, 76, 42),
(5224, 75, 42),
(5225, 74, 42),
(5226, 73, 42),
(5227, 72, 42),
(5228, 71, 42),
(5229, 99, 41),
(5230, 98, 41),
(5231, 97, 41),
(5232, 96, 41),
(5233, 95, 41),
(5234, 94, 41),
(5235, 93, 41),
(5236, 92, 41),
(5237, 91, 41),
(5238, 90, 41),
(5239, 89, 41),
(5240, 88, 41),
(5241, 87, 41),
(5242, 86, 41),
(5243, 85, 41),
(5244, 84, 41),
(5245, 83, 41),
(5246, 82, 41),
(5247, 81, 41),
(5248, 80, 41),
(5249, 79, 41),
(5250, 78, 41),
(5251, 77, 41),
(5252, 76, 41),
(5253, 75, 41),
(5254, 74, 41),
(5255, 73, 41),
(5256, 72, 41),
(5257, 71, 41),
(5258, 99, 40),
(5259, 98, 40),
(5260, 97, 40),
(5261, 96, 40),
(5262, 95, 40),
(5263, 94, 40),
(5264, 93, 40),
(5265, 92, 40),
(5266, 91, 40),
(5267, 90, 40),
(5268, 89, 40),
(5269, 88, 40),
(5270, 87, 40),
(5271, 86, 40),
(5272, 85, 40),
(5273, 84, 40),
(5274, 83, 40),
(5275, 82, 40),
(5276, 81, 40),
(5277, 80, 40),
(5278, 79, 40),
(5279, 78, 40),
(5280, 77, 40),
(5281, 76, 40),
(5282, 75, 40),
(5283, 74, 40),
(5284, 73, 40),
(5285, 72, 40),
(5286, 71, 40),
(5287, 99, 39),
(5288, 98, 39),
(5289, 97, 39),
(5290, 96, 39),
(5291, 95, 39),
(5292, 94, 39),
(5293, 93, 39),
(5294, 92, 39),
(5295, 91, 39),
(5296, 90, 39),
(5297, 89, 39),
(5298, 88, 39),
(5299, 87, 39),
(5300, 86, 39),
(5301, 85, 39),
(5302, 84, 39),
(5303, 83, 39),
(5304, 82, 39),
(5305, 81, 39),
(5306, 80, 39),
(5307, 79, 39),
(5308, 78, 39),
(5309, 77, 39),
(5310, 76, 39),
(5311, 75, 39),
(5312, 74, 39),
(5313, 73, 39),
(5314, 72, 39),
(5315, 71, 39),
(5316, 99, 38),
(5317, 98, 38),
(5318, 97, 38),
(5319, 96, 38),
(5320, 95, 38),
(5321, 94, 38),
(5322, 93, 38),
(5323, 92, 38),
(5324, 91, 38),
(5325, 90, 38),
(5326, 89, 38),
(5327, 88, 38),
(5328, 87, 38),
(5329, 86, 38),
(5330, 85, 38),
(5331, 84, 38),
(5332, 83, 38),
(5333, 82, 38),
(5334, 81, 38),
(5335, 80, 38),
(5336, 79, 38),
(5337, 78, 38),
(5338, 77, 38),
(5339, 76, 38),
(5340, 75, 38),
(5341, 74, 38),
(5342, 73, 38),
(5343, 72, 38),
(5344, 71, 38),
(5345, 99, 37),
(5346, 98, 37),
(5347, 97, 37),
(5348, 96, 37),
(5349, 95, 37),
(5350, 94, 37),
(5351, 93, 37),
(5352, 92, 37),
(5353, 91, 37),
(5354, 90, 37),
(5355, 89, 37),
(5356, 88, 37),
(5357, 87, 37),
(5358, 86, 37),
(5359, 85, 37),
(5360, 84, 37),
(5361, 83, 37),
(5362, 82, 37),
(5363, 81, 37),
(5364, 80, 37),
(5365, 79, 37),
(5366, 78, 37),
(5367, 77, 37),
(5368, 76, 37),
(5369, 75, 37),
(5370, 74, 37),
(5371, 73, 37),
(5372, 72, 37),
(5373, 71, 37),
(5374, 99, 36),
(5375, 98, 36),
(5376, 97, 36),
(5377, 96, 36),
(5378, 95, 36),
(5379, 94, 36),
(5380, 93, 36),
(5381, 92, 36),
(5382, 91, 36),
(5383, 90, 36),
(5384, 89, 36),
(5385, 88, 36),
(5386, 87, 36),
(5387, 86, 36),
(5388, 85, 36),
(5389, 84, 36),
(5390, 83, 36),
(5391, 82, 36),
(5392, 81, 36),
(5393, 80, 36),
(5394, 79, 36),
(5395, 78, 36),
(5396, 77, 36),
(5397, 76, 36),
(5398, 75, 36),
(5399, 74, 36),
(5400, 73, 36),
(5401, 72, 36),
(5402, 71, 36),
(5403, 99, 35),
(5404, 98, 35),
(5405, 97, 35),
(5406, 96, 35),
(5407, 95, 35),
(5408, 94, 35),
(5409, 93, 35),
(5410, 92, 35),
(5411, 91, 35),
(5412, 90, 35),
(5413, 89, 35),
(5414, 88, 35),
(5415, 87, 35),
(5416, 86, 35),
(5417, 85, 35),
(5418, 84, 35),
(5419, 83, 35),
(5420, 82, 35),
(5421, 81, 35),
(5422, 80, 35),
(5423, 79, 35),
(5424, 78, 35),
(5425, 77, 35),
(5426, 76, 35),
(5427, 75, 35),
(5428, 74, 35),
(5429, 73, 35),
(5430, 72, 35),
(5431, 71, 35),
(5432, 99, 34),
(5433, 98, 34),
(5434, 97, 34),
(5435, 96, 34),
(5436, 95, 34),
(5437, 94, 34),
(5438, 93, 34),
(5439, 92, 34),
(5440, 91, 34),
(5441, 90, 34),
(5442, 89, 34),
(5443, 88, 34),
(5444, 87, 34),
(5445, 86, 34),
(5446, 85, 34),
(5447, 84, 34),
(5448, 83, 34),
(5449, 82, 34),
(5450, 81, 34),
(5451, 80, 34),
(5452, 79, 34),
(5453, 78, 34),
(5454, 77, 34),
(5455, 76, 34),
(5456, 75, 34),
(5457, 74, 34),
(5458, 73, 34),
(5459, 72, 34),
(5460, 71, 34),
(5461, 99, 33),
(5462, 98, 33),
(5463, 97, 33),
(5464, 96, 33),
(5465, 95, 33),
(5466, 94, 33),
(5467, 93, 33),
(5468, 92, 33),
(5469, 91, 33),
(5470, 90, 33),
(5471, 89, 33),
(5472, 88, 33),
(5473, 87, 33),
(5474, 86, 33),
(5475, 85, 33),
(5476, 84, 33),
(5477, 83, 33),
(5478, 82, 33),
(5479, 81, 33),
(5480, 80, 33),
(5481, 79, 33),
(5482, 78, 33),
(5483, 77, 33),
(5484, 76, 33),
(5485, 75, 33),
(5486, 74, 33),
(5487, 73, 33),
(5488, 72, 33),
(5489, 71, 33),
(5490, 99, 32),
(5491, 98, 32),
(5492, 97, 32),
(5493, 96, 32),
(5494, 95, 32),
(5495, 94, 32),
(5496, 93, 32),
(5497, 92, 32),
(5498, 91, 32),
(5499, 90, 32),
(5500, 89, 32),
(5501, 88, 32),
(5502, 87, 32),
(5503, 86, 32),
(5504, 85, 32),
(5505, 84, 32),
(5506, 83, 32),
(5507, 82, 32),
(5508, 81, 32),
(5509, 80, 32),
(5510, 79, 32),
(5511, 78, 32),
(5512, 77, 32),
(5513, 76, 32),
(5514, 75, 32),
(5515, 74, 32),
(5516, 73, 32),
(5517, 72, 32),
(5518, 71, 32),
(5519, 99, 31),
(5520, 98, 31),
(5521, 97, 31),
(5522, 96, 31),
(5523, 95, 31),
(5524, 94, 31),
(5525, 93, 31),
(5526, 92, 31),
(5527, 91, 31),
(5528, 90, 31),
(5529, 89, 31),
(5530, 88, 31),
(5531, 87, 31),
(5532, 86, 31),
(5533, 85, 31),
(5534, 84, 31),
(5535, 83, 31),
(5536, 82, 31),
(5537, 81, 31),
(5538, 80, 31),
(5539, 79, 31),
(5540, 78, 31),
(5541, 77, 31),
(5542, 76, 31),
(5543, 75, 31),
(5544, 74, 31),
(5545, 73, 31),
(5546, 72, 31),
(5547, 71, 31),
(5548, 99, 30),
(5549, 98, 30),
(5550, 97, 30),
(5551, 96, 30),
(5552, 95, 30),
(5553, 94, 30),
(5554, 93, 30),
(5555, 92, 30),
(5556, 91, 30),
(5557, 90, 30),
(5558, 89, 30),
(5559, 88, 30),
(5560, 87, 30),
(5561, 86, 30),
(5562, 85, 30),
(5563, 84, 30),
(5564, 83, 30),
(5565, 82, 30),
(5566, 81, 30),
(5567, 80, 30),
(5568, 79, 30),
(5569, 78, 30),
(5570, 77, 30),
(5571, 76, 30),
(5572, 75, 30),
(5573, 74, 30),
(5574, 73, 30),
(5575, 72, 30),
(5576, 71, 30),
(5577, 99, 29),
(5578, 98, 29),
(5579, 97, 29),
(5580, 96, 29),
(5581, 95, 29),
(5582, 94, 29),
(5583, 93, 29),
(5584, 92, 29),
(5585, 91, 29),
(5586, 90, 29),
(5587, 89, 29),
(5588, 88, 29),
(5589, 87, 29),
(5590, 86, 29),
(5591, 85, 29),
(5592, 84, 29),
(5593, 83, 29),
(5594, 82, 29),
(5595, 81, 29),
(5596, 80, 29),
(5597, 79, 29),
(5598, 78, 29),
(5599, 77, 29),
(5600, 76, 29),
(5601, 75, 29),
(5602, 74, 29),
(5603, 73, 29),
(5604, 72, 29),
(5605, 71, 29),
(5606, 99, 28),
(5607, 98, 28),
(5608, 97, 28),
(5609, 96, 28),
(5610, 95, 28),
(5611, 94, 28),
(5612, 93, 28),
(5613, 92, 28),
(5614, 91, 28),
(5615, 90, 28),
(5616, 89, 28),
(5617, 88, 28),
(5618, 87, 28),
(5619, 86, 28),
(5620, 85, 28),
(5621, 84, 28),
(5622, 83, 28),
(5623, 82, 28),
(5624, 81, 28),
(5625, 80, 28),
(5626, 79, 28),
(5627, 78, 28),
(5628, 77, 28),
(5629, 76, 28),
(5630, 75, 28),
(5631, 74, 28),
(5632, 73, 28),
(5633, 72, 28),
(5634, 71, 28),
(5635, 99, 27),
(5636, 98, 27),
(5637, 97, 27),
(5638, 96, 27),
(5639, 95, 27),
(5640, 94, 27),
(5641, 93, 27),
(5642, 92, 27),
(5643, 91, 27),
(5644, 90, 27),
(5645, 89, 27),
(5646, 88, 27),
(5647, 87, 27),
(5648, 86, 27),
(5649, 85, 27),
(5650, 84, 27),
(5651, 83, 27),
(5652, 82, 27),
(5653, 81, 27),
(5654, 80, 27),
(5655, 79, 27),
(5656, 78, 27),
(5657, 77, 27),
(5658, 76, 27),
(5659, 75, 27),
(5660, 74, 27),
(5661, 73, 27),
(5662, 72, 27),
(5663, 71, 27),
(5664, 99, 26),
(5665, 98, 26),
(5666, 97, 26),
(5667, 96, 26),
(5668, 95, 26),
(5669, 94, 26),
(5670, 93, 26),
(5671, 92, 26),
(5672, 91, 26),
(5673, 90, 26),
(5674, 89, 26),
(5675, 88, 26),
(5676, 87, 26),
(5677, 86, 26),
(5678, 85, 26),
(5679, 84, 26),
(5680, 83, 26),
(5681, 82, 26),
(5682, 81, 26),
(5683, 80, 26),
(5684, 79, 26),
(5685, 78, 26),
(5686, 77, 26),
(5687, 76, 26),
(5688, 75, 26),
(5689, 74, 26),
(5690, 73, 26),
(5691, 72, 26),
(5692, 71, 26),
(5693, 99, 25),
(5694, 98, 25),
(5695, 97, 25),
(5696, 96, 25),
(5697, 95, 25),
(5698, 94, 25),
(5699, 93, 25),
(5700, 92, 25),
(5701, 91, 25),
(5702, 90, 25),
(5703, 89, 25),
(5704, 88, 25),
(5705, 87, 25),
(5706, 86, 25),
(5707, 85, 25),
(5708, 84, 25),
(5709, 83, 25),
(5710, 82, 25),
(5711, 81, 25),
(5712, 80, 25),
(5713, 79, 25),
(5714, 78, 25),
(5715, 77, 25),
(5716, 76, 25),
(5717, 75, 25),
(5718, 74, 25),
(5719, 73, 25),
(5720, 72, 25),
(5721, 71, 25),
(5722, 99, 24),
(5723, 98, 24),
(5724, 97, 24),
(5725, 96, 24),
(5726, 95, 24),
(5727, 94, 24),
(5728, 93, 24),
(5729, 92, 24),
(5730, 91, 24),
(5731, 90, 24),
(5732, 89, 24),
(5733, 88, 24),
(5734, 87, 24),
(5735, 86, 24),
(5736, 85, 24),
(5737, 84, 24),
(5738, 83, 24),
(5739, 82, 24),
(5740, 81, 24),
(5741, 80, 24),
(5742, 79, 24),
(5743, 78, 24),
(5744, 77, 24),
(5745, 76, 24),
(5746, 75, 24),
(5747, 74, 24),
(5748, 73, 24),
(5749, 72, 24),
(5750, 71, 24),
(5751, 99, 23),
(5752, 98, 23),
(5753, 97, 23),
(5754, 96, 23),
(5755, 95, 23),
(5756, 94, 23),
(5757, 93, 23),
(5758, 92, 23),
(5759, 91, 23),
(5760, 90, 23),
(5761, 89, 23),
(5762, 88, 23),
(5763, 87, 23),
(5764, 86, 23),
(5765, 85, 23),
(5766, 84, 23),
(5767, 83, 23),
(5768, 82, 23),
(5769, 81, 23),
(5770, 80, 23),
(5771, 79, 23),
(5772, 78, 23),
(5773, 77, 23),
(5774, 76, 23),
(5775, 75, 23),
(5776, 74, 23),
(5777, 73, 23),
(5778, 72, 23),
(5779, 71, 23),
(5780, 99, 22),
(5781, 98, 22),
(5782, 97, 22),
(5783, 96, 22),
(5784, 95, 22),
(5785, 94, 22),
(5786, 93, 22),
(5787, 92, 22),
(5788, 91, 22),
(5789, 90, 22),
(5790, 89, 22),
(5791, 88, 22),
(5792, 87, 22),
(5793, 86, 22),
(5794, 85, 22),
(5795, 84, 22),
(5796, 83, 22),
(5797, 82, 22),
(5798, 81, 22),
(5799, 80, 22),
(5800, 79, 22),
(5801, 78, 22),
(5802, 77, 22),
(5803, 76, 22),
(5804, 75, 22),
(5805, 74, 22),
(5806, 73, 22),
(5807, 72, 22),
(5808, 71, 22),
(5809, 99, 21),
(5810, 98, 21),
(5811, 97, 21),
(5812, 96, 21),
(5813, 95, 21),
(5814, 94, 21),
(5815, 93, 21),
(5816, 92, 21),
(5817, 91, 21),
(5818, 90, 21),
(5819, 89, 21),
(5820, 88, 21),
(5821, 87, 21),
(5822, 86, 21),
(5823, 85, 21),
(5824, 84, 21),
(5825, 83, 21),
(5826, 82, 21),
(5827, 81, 21),
(5828, 80, 21),
(5829, 79, 21),
(5830, 78, 21),
(5831, 77, 21),
(5832, 76, 21),
(5833, 75, 21),
(5834, 74, 21),
(5835, 73, 21),
(5836, 72, 21),
(5837, 71, 21),
(5838, 99, 20),
(5839, 98, 20),
(5840, 97, 20),
(5841, 96, 20),
(5842, 95, 20),
(5843, 94, 20),
(5844, 93, 20),
(5845, 92, 20),
(5846, 91, 20),
(5847, 90, 20),
(5848, 89, 20),
(5849, 88, 20),
(5850, 87, 20),
(5851, 86, 20),
(5852, 85, 20),
(5853, 84, 20),
(5854, 83, 20),
(5855, 82, 20),
(5856, 81, 20),
(5857, 80, 20),
(5858, 79, 20),
(5859, 78, 20),
(5860, 77, 20),
(5861, 76, 20),
(5862, 75, 20),
(5863, 74, 20),
(5864, 73, 20),
(5865, 72, 20),
(5866, 71, 20),
(5867, 99, 19),
(5868, 98, 19),
(5869, 97, 19),
(5870, 96, 19),
(5871, 95, 19),
(5872, 94, 19),
(5873, 93, 19),
(5874, 92, 19),
(5875, 91, 19),
(5876, 90, 19),
(5877, 89, 19),
(5878, 88, 19),
(5879, 87, 19),
(5880, 86, 19),
(5881, 85, 19),
(5882, 84, 19),
(5883, 83, 19),
(5884, 82, 19),
(5885, 81, 19),
(5886, 80, 19),
(5887, 79, 19),
(5888, 78, 19),
(5889, 77, 19),
(5890, 76, 19),
(5891, 75, 19),
(5892, 74, 19),
(5893, 73, 19),
(5894, 72, 19),
(5895, 71, 19),
(5896, 99, 18),
(5897, 98, 18),
(5898, 97, 18),
(5899, 96, 18),
(5900, 95, 18),
(5901, 94, 18),
(5902, 93, 18),
(5903, 92, 18),
(5904, 91, 18),
(5905, 90, 18),
(5906, 89, 18),
(5907, 88, 18),
(5908, 87, 18),
(5909, 86, 18),
(5910, 85, 18),
(5911, 84, 18),
(5912, 83, 18),
(5913, 82, 18),
(5914, 81, 18),
(5915, 80, 18),
(5916, 79, 18),
(5917, 78, 18),
(5918, 77, 18),
(5919, 76, 18),
(5920, 75, 18),
(5921, 74, 18),
(5922, 73, 18),
(5923, 72, 18),
(5924, 71, 18),
(5925, 99, 17),
(5926, 98, 17),
(5927, 97, 17),
(5928, 96, 17),
(5929, 95, 17),
(5930, 94, 17),
(5931, 93, 17),
(5932, 92, 17),
(5933, 91, 17),
(5934, 90, 17),
(5935, 89, 17),
(5936, 88, 17),
(5937, 87, 17),
(5938, 86, 17),
(5939, 85, 17),
(5940, 84, 17),
(5941, 83, 17),
(5942, 82, 17),
(5943, 81, 17),
(5944, 80, 17),
(5945, 79, 17),
(5946, 78, 17),
(5947, 77, 17),
(5948, 76, 17),
(5949, 75, 17),
(5950, 74, 17),
(5951, 73, 17),
(5952, 72, 17),
(5953, 71, 17),
(5954, 99, 16),
(5955, 98, 16),
(5956, 97, 16),
(5957, 96, 16),
(5958, 95, 16),
(5959, 94, 16),
(5960, 93, 16),
(5961, 92, 16),
(5962, 91, 16),
(5963, 90, 16),
(5964, 89, 16),
(5965, 88, 16),
(5966, 87, 16),
(5967, 86, 16),
(5968, 85, 16),
(5969, 84, 16),
(5970, 83, 16),
(5971, 82, 16),
(5972, 81, 16),
(5973, 80, 16),
(5974, 79, 16),
(5975, 78, 16),
(5976, 77, 16),
(5977, 76, 16),
(5978, 75, 16),
(5979, 74, 16),
(5980, 73, 16),
(5981, 72, 16),
(5982, 71, 16),
(5983, 99, 15),
(5984, 98, 15),
(5985, 97, 15),
(5986, 96, 15),
(5987, 95, 15),
(5988, 94, 15),
(5989, 93, 15),
(5990, 92, 15),
(5991, 91, 15),
(5992, 90, 15),
(5993, 89, 15),
(5994, 88, 15),
(5995, 87, 15),
(5996, 86, 15),
(5997, 85, 15),
(5998, 84, 15),
(5999, 83, 15),
(6000, 82, 15),
(6001, 81, 15),
(6002, 80, 15),
(6003, 79, 15),
(6004, 78, 15),
(6005, 77, 15),
(6006, 76, 15),
(6007, 75, 15),
(6008, 74, 15),
(6009, 73, 15),
(6010, 72, 15),
(6011, 71, 15),
(6012, 99, 14),
(6013, 98, 14),
(6014, 97, 14),
(6015, 96, 14),
(6016, 95, 14),
(6017, 94, 14),
(6018, 93, 14),
(6019, 92, 14),
(6020, 91, 14),
(6021, 90, 14),
(6022, 89, 14),
(6023, 88, 14),
(6024, 87, 14),
(6025, 86, 14),
(6026, 85, 14),
(6027, 84, 14),
(6028, 83, 14),
(6029, 82, 14),
(6030, 81, 14),
(6031, 80, 14),
(6032, 79, 14),
(6033, 78, 14),
(6034, 77, 14),
(6035, 76, 14),
(6036, 75, 14),
(6037, 74, 14),
(6038, 73, 14),
(6039, 72, 14),
(6040, 71, 14),
(6041, 99, 13),
(6042, 98, 13),
(6043, 97, 13),
(6044, 96, 13),
(6045, 95, 13),
(6046, 94, 13),
(6047, 93, 13),
(6048, 92, 13),
(6049, 91, 13),
(6050, 90, 13),
(6051, 89, 13),
(6052, 88, 13),
(6053, 87, 13),
(6054, 86, 13),
(6055, 85, 13),
(6056, 84, 13),
(6057, 83, 13),
(6058, 82, 13),
(6059, 81, 13),
(6060, 80, 13),
(6061, 79, 13),
(6062, 78, 13),
(6063, 77, 13),
(6064, 76, 13),
(6065, 75, 13),
(6066, 74, 13),
(6067, 73, 13),
(6068, 72, 13),
(6069, 71, 13),
(6070, 99, 12),
(6071, 98, 12),
(6072, 97, 12),
(6073, 96, 12),
(6074, 95, 12),
(6075, 94, 12),
(6076, 93, 12),
(6077, 92, 12),
(6078, 91, 12),
(6079, 90, 12),
(6080, 89, 12),
(6081, 88, 12),
(6082, 87, 12),
(6083, 86, 12),
(6084, 85, 12),
(6085, 84, 12),
(6086, 83, 12),
(6087, 82, 12),
(6088, 81, 12),
(6089, 80, 12),
(6090, 79, 12),
(6091, 78, 12),
(6092, 77, 12),
(6093, 76, 12),
(6094, 75, 12),
(6095, 74, 12),
(6096, 73, 12),
(6097, 72, 12),
(6098, 71, 12),
(6099, 99, 11),
(6100, 98, 11),
(6101, 97, 11),
(6102, 96, 11),
(6103, 95, 11),
(6104, 94, 11),
(6105, 93, 11),
(6106, 92, 11),
(6107, 91, 11),
(6108, 90, 11),
(6109, 89, 11),
(6110, 88, 11),
(6111, 87, 11),
(6112, 86, 11),
(6113, 85, 11),
(6114, 84, 11),
(6115, 83, 11),
(6116, 82, 11),
(6117, 81, 11),
(6118, 80, 11),
(6119, 79, 11),
(6120, 78, 11),
(6121, 77, 11),
(6122, 76, 11),
(6123, 75, 11),
(6124, 74, 11),
(6125, 73, 11),
(6126, 72, 11),
(6127, 71, 11),
(6128, 99, 10),
(6129, 98, 10),
(6130, 97, 10),
(6131, 96, 10),
(6132, 95, 10),
(6133, 94, 10),
(6134, 93, 10),
(6135, 92, 10),
(6136, 91, 10),
(6137, 90, 10),
(6138, 89, 10),
(6139, 88, 10),
(6140, 87, 10),
(6141, 86, 10),
(6142, 85, 10),
(6143, 84, 10),
(6144, 83, 10),
(6145, 82, 10),
(6146, 81, 10),
(6147, 80, 10),
(6148, 79, 10),
(6149, 78, 10),
(6150, 77, 10),
(6151, 76, 10),
(6152, 75, 10),
(6153, 74, 10),
(6154, 73, 10),
(6155, 72, 10),
(6156, 71, 10),
(6157, 99, 9),
(6158, 98, 9),
(6159, 97, 9),
(6160, 96, 9),
(6161, 95, 9),
(6162, 94, 9),
(6163, 93, 9),
(6164, 92, 9),
(6165, 91, 9),
(6166, 90, 9),
(6167, 89, 9),
(6168, 88, 9),
(6169, 87, 9),
(6170, 86, 9),
(6171, 85, 9),
(6172, 84, 9),
(6173, 83, 9),
(6174, 82, 9),
(6175, 81, 9),
(6176, 80, 9),
(6177, 79, 9),
(6178, 78, 9),
(6179, 77, 9),
(6180, 76, 9),
(6181, 75, 9),
(6182, 74, 9),
(6183, 73, 9),
(6184, 72, 9),
(6185, 71, 9),
(6186, 99, 8),
(6187, 98, 8),
(6188, 97, 8),
(6189, 96, 8),
(6190, 95, 8),
(6191, 94, 8),
(6192, 93, 8),
(6193, 92, 8),
(6194, 91, 8),
(6195, 90, 8),
(6196, 89, 8),
(6197, 88, 8),
(6198, 87, 8),
(6199, 86, 8),
(6200, 85, 8),
(6201, 84, 8),
(6202, 83, 8),
(6203, 82, 8),
(6204, 81, 8),
(6205, 80, 8),
(6206, 79, 8),
(6207, 78, 8),
(6208, 77, 8),
(6209, 76, 8),
(6210, 75, 8),
(6211, 74, 8),
(6212, 73, 8),
(6213, 72, 8),
(6214, 71, 8),
(6215, 99, 7),
(6216, 98, 7),
(6217, 97, 7),
(6218, 96, 7),
(6219, 95, 7),
(6220, 94, 7),
(6221, 93, 7),
(6222, 92, 7),
(6223, 91, 7),
(6224, 90, 7),
(6225, 89, 7),
(6226, 88, 7),
(6227, 87, 7),
(6228, 86, 7),
(6229, 85, 7),
(6230, 84, 7),
(6231, 83, 7),
(6232, 82, 7),
(6233, 81, 7),
(6234, 80, 7),
(6235, 79, 7),
(6236, 78, 7),
(6237, 77, 7),
(6238, 76, 7),
(6239, 75, 7),
(6240, 74, 7),
(6241, 73, 7),
(6242, 72, 7),
(6243, 71, 7),
(6244, 99, 6),
(6245, 98, 6),
(6246, 97, 6),
(6247, 96, 6),
(6248, 95, 6),
(6249, 94, 6),
(6250, 93, 6),
(6251, 92, 6),
(6252, 91, 6),
(6253, 90, 6),
(6254, 89, 6),
(6255, 88, 6),
(6256, 87, 6),
(6257, 86, 6),
(6258, 85, 6),
(6259, 84, 6),
(6260, 83, 6),
(6261, 82, 6),
(6262, 81, 6),
(6263, 80, 6),
(6264, 79, 6),
(6265, 78, 6),
(6266, 77, 6),
(6267, 76, 6),
(6268, 75, 6),
(6269, 74, 6),
(6270, 73, 6),
(6271, 72, 6),
(6272, 71, 6),
(6273, 99, 5),
(6274, 98, 5),
(6275, 97, 5),
(6276, 96, 5),
(6277, 95, 5),
(6278, 94, 5),
(6279, 93, 5),
(6280, 92, 5),
(6281, 91, 5),
(6282, 90, 5),
(6283, 89, 5),
(6284, 88, 5),
(6285, 87, 5),
(6286, 86, 5),
(6287, 85, 5),
(6288, 84, 5),
(6289, 83, 5),
(6290, 82, 5),
(6291, 81, 5),
(6292, 80, 5),
(6293, 79, 5),
(6294, 78, 5),
(6295, 77, 5),
(6296, 76, 5),
(6297, 75, 5),
(6298, 74, 5),
(6299, 73, 5),
(6300, 72, 5),
(6301, 71, 5),
(6302, 99, 4),
(6303, 98, 4),
(6304, 97, 4),
(6305, 96, 4),
(6306, 95, 4),
(6307, 94, 4),
(6308, 93, 4),
(6309, 92, 4),
(6310, 91, 4),
(6311, 90, 4),
(6312, 89, 4),
(6313, 88, 4),
(6314, 87, 4),
(6315, 86, 4),
(6316, 85, 4),
(6317, 84, 4),
(6318, 83, 4),
(6319, 82, 4),
(6320, 81, 4),
(6321, 80, 4),
(6322, 79, 4),
(6323, 78, 4),
(6324, 77, 4),
(6325, 76, 4),
(6326, 75, 4),
(6327, 74, 4),
(6328, 73, 4),
(6329, 72, 4),
(6330, 71, 4),
(6331, 99, 3),
(6332, 98, 3),
(6333, 97, 3),
(6334, 96, 3),
(6335, 95, 3),
(6336, 94, 3),
(6337, 93, 3),
(6338, 92, 3),
(6339, 91, 3),
(6340, 90, 3),
(6341, 89, 3),
(6342, 88, 3),
(6343, 87, 3),
(6344, 86, 3),
(6345, 85, 3),
(6346, 84, 3),
(6347, 83, 3),
(6348, 82, 3),
(6349, 81, 3),
(6350, 80, 3),
(6351, 79, 3),
(6352, 78, 3),
(6353, 77, 3),
(6354, 76, 3),
(6355, 75, 3),
(6356, 74, 3),
(6357, 73, 3),
(6358, 72, 3),
(6359, 71, 3),
(6360, 99, 2),
(6361, 98, 2),
(6362, 97, 2),
(6363, 96, 2),
(6364, 95, 2),
(6365, 94, 2),
(6366, 93, 2),
(6367, 92, 2),
(6368, 91, 2),
(6369, 90, 2),
(6370, 89, 2),
(6371, 88, 2),
(6372, 87, 2),
(6373, 86, 2),
(6374, 85, 2),
(6375, 84, 2),
(6376, 83, 2),
(6377, 82, 2),
(6378, 81, 2),
(6379, 80, 2),
(6380, 79, 2),
(6381, 78, 2),
(6382, 77, 2),
(6383, 76, 2),
(6384, 75, 2),
(6385, 74, 2),
(6386, 73, 2),
(6387, 72, 2),
(6388, 71, 2),
(6389, 99, 1),
(6390, 98, 1),
(6391, 97, 1),
(6392, 96, 1),
(6393, 95, 1),
(6394, 94, 1),
(6395, 93, 1),
(6396, 92, 1),
(6397, 91, 1),
(6398, 90, 1),
(6399, 89, 1),
(6400, 88, 1),
(6401, 87, 1),
(6402, 86, 1),
(6403, 85, 1),
(6404, 84, 1),
(6405, 83, 1),
(6406, 82, 1),
(6407, 81, 1),
(6408, 80, 1),
(6409, 79, 1),
(6410, 78, 1),
(6411, 77, 1),
(6412, 76, 1),
(6413, 75, 1),
(6414, 74, 1),
(6415, 73, 1),
(6416, 72, 1),
(6417, 71, 1);

-- --------------------------------------------------------

--
-- Estructura de tabla para la tabla `tgenero`
--

CREATE TABLE `tgenero` (
  `sexo` int(11) NOT NULL,
  `nombregenero` varchar(255) COLLATE utf8mb4_spanish2_ci NOT NULL
) ENGINE=InnoDB DEFAULT CHARSET=utf8mb4 COLLATE=utf8mb4_spanish2_ci;

--
-- Volcado de datos para la tabla `tgenero`
--

INSERT INTO `tgenero` (`sexo`, `nombregenero`) VALUES
(1, 'hombre'),
(2, 'mujer');

-- --------------------------------------------------------

--
-- Estructura de tabla para la tabla `thora`
--

CREATE TABLE `thora` (
  `idhora` int(11) NOT NULL,
  `hora` time DEFAULT NULL
) ENGINE=InnoDB DEFAULT CHARSET=utf8mb4 COLLATE=utf8mb4_spanish2_ci;

--
-- Volcado de datos para la tabla `thora`
--

INSERT INTO `thora` (`idhora`, `hora`) VALUES
(1, '09:00:00'),
(2, '09:30:00'),
(3, '09:15:00'),
(4, '09:45:00'),
(5, '10:00:00'),
(6, '10:15:00'),
(7, '10:30:00'),
(8, '10:45:00'),
(9, '11:00:00'),
(10, '11:15:00'),
(11, '11:30:00'),
(12, '11:45:00'),
(13, '12:00:00'),
(14, '12:15:00'),
(15, '12:30:00'),
(16, '12:45:00'),
(17, '13:00:00'),
(18, '13:15:00'),
(19, '13:00:00'),
(20, '13:45:00'),
(21, '14:00:00'),
(22, '14:15:00'),
(23, '14:30:00'),
(24, '14:45:00'),
(25, '15:00:00'),
(26, '15:15:00'),
(27, '15:30:00'),
(28, '15:45:00'),
(29, '16:00:00'),
(30, '16:15:00'),
(31, '16:30:00'),
(32, '16:45:00'),
(33, '17:00:00'),
(34, '17:15:00'),
(35, '17:30:00'),
(36, '17:45:00'),
(37, '18:00:00'),
(38, '18:15:00'),
(39, '18:30:00'),
(40, '18:45:00'),
(41, '19:00:00'),
(42, '19:15:00'),
(43, '19:30:00'),
(44, '19:45:00'),
(45, '20:00:00');

-- --------------------------------------------------------

--
-- Estructura de tabla para la tabla `tpaciente`
--

CREATE TABLE `tpaciente` (
  `rut` varchar(12) COLLATE utf8mb4_spanish2_ci NOT NULL,
  `fechanacimiento` date NOT NULL,
  `prevision` int(11) NOT NULL,
  `iddireccion` int(11) NOT NULL,
  `clave` varchar(4) COLLATE utf8mb4_spanish2_ci DEFAULT NULL
) ENGINE=InnoDB DEFAULT CHARSET=utf8mb4 COLLATE=utf8mb4_spanish2_ci;

--
-- Volcado de datos para la tabla `tpaciente`
--

INSERT INTO `tpaciente` (`rut`, `fechanacimiento`, `prevision`, `iddireccion`, `clave`) VALUES
('12037676-4', '1997-06-10', 4, 10, '1234');

-- --------------------------------------------------------

--
-- Estructura de tabla para la tabla `tpersona`
--

CREATE TABLE `tpersona` (
  `rut` varchar(12) COLLATE utf8mb4_spanish2_ci NOT NULL,
  `primernombre` varchar(25) COLLATE utf8mb4_spanish2_ci NOT NULL,
  `segundonombre` varchar(25) COLLATE utf8mb4_spanish2_ci NOT NULL,
  `primerapellido` varchar(25) COLLATE utf8mb4_spanish2_ci NOT NULL,
  `segundoapellido` varchar(25) COLLATE utf8mb4_spanish2_ci NOT NULL,
  `telefono` int(11) NOT NULL,
  `email` varchar(25) COLLATE utf8mb4_spanish2_ci NOT NULL,
  `sexo` int(11) NOT NULL
) ENGINE=InnoDB DEFAULT CHARSET=utf8mb4 COLLATE=utf8mb4_spanish2_ci;

--
-- Volcado de datos para la tabla `tpersona`
--

INSERT INTO `tpersona` (`rut`, `primernombre`, `segundonombre`, `primerapellido`, `segundoapellido`, `telefono`, `email`, `sexo`) VALUES
('10028401-4', 'Víctor', 'Julián', 'Toledo', 'Franco', 56775365, 'hugocastanedav@hotmail.co', 1),
('10167655-2', ' Sophia', ' Emma', 'Gómez', 'Pereyra', 64736475, 'osabarca@hotmail.com', 2),
('12037676-4', 'Enrique', 'Eduardo', 'Soto', 'Bravo', 438475843, 'f.casajuan@gmail.com', 1),
('12427980-1', 'Carlos', 'Santiago', 'Chávez', 'Vega', 64376545, 'acastanon@vectorchile.cl', 1),
('14579306-8', 'Maria', 'Antonella', 'Grau ', 'Zaragoza', 42485304, 'eurbc@hotmail.com', 2),
('15774789-4', 'carlos', 'eduardo', 'duque', 'jauregui', 52409603, 'cduque@ciisa.cl', 1),
('16477847-9', 'Yuhan ', 'Esteban', 'Fischer ', 'Zaragoza ', 59375963, 'jeitn@gmail.com', 2),
('16639732-4', 'Hannah', 'Leah', 'Martínez', 'Ortiz', 766113126, 'carlosaguileram@hotmail.c', 2),
('16749516-8', 'Camila', ' Andrea', 'Jorquera ', 'Zaragoza', 23857484, 'eyrnd@hotmail.com', 2),
('171175618-9', 'vito', 'esteban', 'madrid', 'lebel', 51108675, 'vitomadrid@gmail.com', 1),
('17527215-1', 'Amelia', 'Olivia', 'López', 'Molina', 284958475, 'Sb.nashxo.sk8@hotmail.com', 2),
('19765436-8', 'carlos', 'Gabriel', 'Angilar', 'jauregui', 78436725, 'carlos.gabri@gmail.com', 1),
('19936445-6', ' Luis ', 'Guillermo', 'Zaragoza ', 'Zaragoza', 42356674, 'kdesm@gmail.com', 1),
('22620478-4', 'Mauricio', 'Simón', 'Bravo', 'Olivera', 439587675, 'casajuana_@hotmail.com', 1),
('23.902.714-8', 'Antonia', 'Gabriela', 'Angilar', 'Fernandez', 51108675, 'antoferna@gmail.com', 2),
('2897404-3', 'Ladys ', 'Del Carmen', 'Miranda ', 'Zaragoza', 28127453, 'yeydn@gmail.com', 2),
('4456068-2', 'Martina', 'Belen', 'González', 'Giménez', 853684851, 'maeillanes@hotmail.com', 2),
('5177566-k', 'Giulia', ' Martina', 'Fernández', 'Rojas', 594038475, 'cabrigo@garmendia.cl', 2),
('5651396-5', 'Charlotte', 'Ruby', 'Díaz', 'Castro', 51108675, 'fran.afull@live.cl', 2),
('6051135-7', 'Abel', 'Goio', 'Martín', 'Chávez', 59473845, 'jaimecasajuana@gmail.com', 1),
('6743386-6', 'Sofia', 'Paz', 'Rodríguez', 'Gutiérrez', 2147483647, 'osabarca@hotmail.com', 2),
('8374342-7', 'catalina', 'andrea', 'de las mercedes', 'villanueva', 483454, 'cata.andre@gmail.com', 2),
('9632340-9', 'Camilo', 'Josué', 'Valdez', 'Velázquez', 38746573, 'javi_javis_3@hotmail.com', 1);

-- --------------------------------------------------------

--
-- Estructura de tabla para la tabla `tprevision`
--

CREATE TABLE `tprevision` (
  `prevision` int(11) NOT NULL,
  `nombreprevision` varchar(500) COLLATE utf8mb4_spanish2_ci NOT NULL
) ENGINE=InnoDB DEFAULT CHARSET=utf8mb4 COLLATE=utf8mb4_spanish2_ci;

--
-- Volcado de datos para la tabla `tprevision`
--

INSERT INTO `tprevision` (`prevision`, `nombreprevision`) VALUES
(1, 'Fonasa   '),
(2, 'Banmedica   '),
(3, 'Consalud   '),
(4, 'Colmena     '),
(5, 'Cruz Blanca   '),
(6, 'Nueva Masvida '),
(7, 'Isapre Vida Tres '),
(8, 'Chuquicamata      '),
(9, 'Fundación BancoEstado'),
(10, 'Fusat       '),
(11, 'RíoBlanco '),
(12, 'SanLorenzo   '),
(13, 'Cruz del Norte   '),
(14, 'Partícular ');

-- --------------------------------------------------------

--
-- Estructura de tabla para la tabla `tregion`
--

CREATE TABLE `tregion` (
  `idregion` int(11) NOT NULL,
  `region` varchar(100) COLLATE utf8mb4_spanish2_ci DEFAULT NULL
) ENGINE=InnoDB DEFAULT CHARSET=utf8mb4 COLLATE=utf8mb4_spanish2_ci;

--
-- Volcado de datos para la tabla `tregion`
--

INSERT INTO `tregion` (`idregion`, `region`) VALUES
(1, 'Region de Arica y Parinacota      '),
(2, 'Region de Tarapaca       '),
(3, 'Region de Antofagasta '),
(4, 'Region de Atacama    '),
(5, 'Region de Coquimbo    '),
(6, 'Region de Valparaiso '),
(7, 'Region Metropolitana de Santiago  '),
(8, 'Region del Libertador Bernardo Ohiggins  '),
(9, 'Region del Maule      '),
(10, 'Region de Nuble  '),
(11, 'Region del BioBio   '),
(12, 'Region de la Araucania '),
(13, 'Region de Los Rios    '),
(14, 'Region de Los Lagos  '),
(15, 'Region de Aysen del General Carlos Ibanez del Campo'),
(16, 'Region de Magallanes y la Atartica Chilena');

-- --------------------------------------------------------

--
-- Estructura de tabla para la tabla `treserva`
--

CREATE TABLE `treserva` (
  `idreserva` int(11) NOT NULL,
  `iddisponiblidad` int(11) NOT NULL,
  `rut` varchar(12) COLLATE utf8mb4_spanish2_ci NOT NULL
) ENGINE=InnoDB DEFAULT CHARSET=utf8mb4 COLLATE=utf8mb4_spanish2_ci;

-- --------------------------------------------------------

--
-- Estructura de tabla para la tabla `tstatus`
--

CREATE TABLE `tstatus` (
  `idstatus` int(11) NOT NULL,
  `status` varchar(40) COLLATE utf8mb4_spanish2_ci DEFAULT NULL
) ENGINE=InnoDB DEFAULT CHARSET=utf8mb4 COLLATE=utf8mb4_spanish2_ci;

--
-- Volcado de datos para la tabla `tstatus`
--

INSERT INTO `tstatus` (`idstatus`, `status`) VALUES
(1, 'agendada'),
(2, 'cursada'),
(3, 'disponible');

--
-- Índices para tablas volcadas
--

--
-- Indices de la tabla `tcentromedico`
--
ALTER TABLE `tcentromedico`
  ADD PRIMARY KEY (`idcentromedico`),
  ADD KEY `iddirecion` (`iddirecion`);

--
-- Indices de la tabla `tcentromedicodoctor`
--
ALTER TABLE `tcentromedicodoctor`
  ADD PRIMARY KEY (`idtrabaja`),
  ADD KEY `idcentomedico` (`idcentomedico`),
  ADD KEY `rut` (`rut`);

--
-- Indices de la tabla `tcomuna`
--
ALTER TABLE `tcomuna`
  ADD PRIMARY KEY (`idcomuna`),
  ADD KEY `idciudad` (`idregion`);

--
-- Indices de la tabla `tdireccion`
--
ALTER TABLE `tdireccion`
  ADD PRIMARY KEY (`iddireccion`),
  ADD KEY `idcomuna` (`idcomuna`);

--
-- Indices de la tabla `tdisponibilidad`
--
ALTER TABLE `tdisponibilidad`
  ADD PRIMARY KEY (`iddisponibilidad`),
  ADD KEY `idstatus` (`idstatus`),
  ADD KEY `idtrabaja` (`idtrabaja`),
  ADD KEY `idfechahora` (`idfechahora`);

--
-- Indices de la tabla `tdoctor`
--
ALTER TABLE `tdoctor`
  ADD PRIMARY KEY (`rut`),
  ADD KEY `idespecialidad` (`idespecialidad`);

--
-- Indices de la tabla `tespecialidad`
--
ALTER TABLE `tespecialidad`
  ADD PRIMARY KEY (`idespecialidad`);

--
-- Indices de la tabla `tfecha`
--
ALTER TABLE `tfecha`
  ADD PRIMARY KEY (`idfecha`);

--
-- Indices de la tabla `tfechahora`
--
ALTER TABLE `tfechahora`
  ADD PRIMARY KEY (`idfechahora`),
  ADD KEY `idfecha` (`idfecha`),
  ADD KEY `idhora` (`idhora`);

--
-- Indices de la tabla `tgenero`
--
ALTER TABLE `tgenero`
  ADD PRIMARY KEY (`sexo`);

--
-- Indices de la tabla `thora`
--
ALTER TABLE `thora`
  ADD PRIMARY KEY (`idhora`);

--
-- Indices de la tabla `tpaciente`
--
ALTER TABLE `tpaciente`
  ADD PRIMARY KEY (`rut`),
  ADD KEY `idprevision` (`prevision`),
  ADD KEY `iddireccion` (`iddireccion`);

--
-- Indices de la tabla `tpersona`
--
ALTER TABLE `tpersona`
  ADD PRIMARY KEY (`rut`),
  ADD KEY `idgenero` (`sexo`);

--
-- Indices de la tabla `tprevision`
--
ALTER TABLE `tprevision`
  ADD PRIMARY KEY (`prevision`);

--
-- Indices de la tabla `tregion`
--
ALTER TABLE `tregion`
  ADD PRIMARY KEY (`idregion`);

--
-- Indices de la tabla `treserva`
--
ALTER TABLE `treserva`
  ADD PRIMARY KEY (`idreserva`),
  ADD KEY `iddisponiblidad` (`iddisponiblidad`),
  ADD KEY `rut` (`rut`);

--
-- Indices de la tabla `tstatus`
--
ALTER TABLE `tstatus`
  ADD PRIMARY KEY (`idstatus`);

--
-- AUTO_INCREMENT de las tablas volcadas
--

--
-- AUTO_INCREMENT de la tabla `tcentromedico`
--
ALTER TABLE `tcentromedico`
  MODIFY `idcentromedico` int(11) NOT NULL AUTO_INCREMENT, AUTO_INCREMENT=4;

--
-- AUTO_INCREMENT de la tabla `tcentromedicodoctor`
--
ALTER TABLE `tcentromedicodoctor`
  MODIFY `idtrabaja` int(11) NOT NULL AUTO_INCREMENT, AUTO_INCREMENT=13;

--
-- AUTO_INCREMENT de la tabla `tcomuna`
--
ALTER TABLE `tcomuna`
  MODIFY `idcomuna` int(11) NOT NULL AUTO_INCREMENT, AUTO_INCREMENT=346;

--
-- AUTO_INCREMENT de la tabla `tdireccion`
--
ALTER TABLE `tdireccion`
  MODIFY `iddireccion` int(11) NOT NULL AUTO_INCREMENT, AUTO_INCREMENT=42;

--
-- AUTO_INCREMENT de la tabla `tdisponibilidad`
--
ALTER TABLE `tdisponibilidad`
  MODIFY `iddisponibilidad` int(11) NOT NULL AUTO_INCREMENT, AUTO_INCREMENT=2802;

--
-- AUTO_INCREMENT de la tabla `tespecialidad`
--
ALTER TABLE `tespecialidad`
  MODIFY `idespecialidad` int(11) NOT NULL AUTO_INCREMENT, AUTO_INCREMENT=17;

--
-- AUTO_INCREMENT de la tabla `tfecha`
--
ALTER TABLE `tfecha`
  MODIFY `idfecha` int(11) NOT NULL AUTO_INCREMENT, AUTO_INCREMENT=202;

--
-- AUTO_INCREMENT de la tabla `tfechahora`
--
ALTER TABLE `tfechahora`
  MODIFY `idfechahora` int(11) NOT NULL AUTO_INCREMENT, AUTO_INCREMENT=6418;

--
-- AUTO_INCREMENT de la tabla `tgenero`
--
ALTER TABLE `tgenero`
  MODIFY `sexo` int(11) NOT NULL AUTO_INCREMENT, AUTO_INCREMENT=3;

--
-- AUTO_INCREMENT de la tabla `thora`
--
ALTER TABLE `thora`
  MODIFY `idhora` int(11) NOT NULL AUTO_INCREMENT, AUTO_INCREMENT=46;

--
-- AUTO_INCREMENT de la tabla `tprevision`
--
ALTER TABLE `tprevision`
  MODIFY `prevision` int(11) NOT NULL AUTO_INCREMENT, AUTO_INCREMENT=15;

--
-- AUTO_INCREMENT de la tabla `tregion`
--
ALTER TABLE `tregion`
  MODIFY `idregion` int(11) NOT NULL AUTO_INCREMENT, AUTO_INCREMENT=17;

--
-- AUTO_INCREMENT de la tabla `treserva`
--
ALTER TABLE `treserva`
  MODIFY `idreserva` int(11) NOT NULL AUTO_INCREMENT;

--
-- AUTO_INCREMENT de la tabla `tstatus`
--
ALTER TABLE `tstatus`
  MODIFY `idstatus` int(11) NOT NULL AUTO_INCREMENT, AUTO_INCREMENT=4;

--
-- Restricciones para tablas volcadas
--

--
-- Filtros para la tabla `tcentromedico`
--
ALTER TABLE `tcentromedico`
  ADD CONSTRAINT `tcentromedico_ibfk_1` FOREIGN KEY (`iddirecion`) REFERENCES `tdireccion` (`iddireccion`);

--
-- Filtros para la tabla `tcentromedicodoctor`
--
ALTER TABLE `tcentromedicodoctor`
  ADD CONSTRAINT `tcentromedicodoctor_ibfk_1` FOREIGN KEY (`idcentomedico`) REFERENCES `tcentromedico` (`idcentromedico`),
  ADD CONSTRAINT `tcentromedicodoctor_ibfk_2` FOREIGN KEY (`rut`) REFERENCES `tdoctor` (`rut`);

--
-- Filtros para la tabla `tcomuna`
--
ALTER TABLE `tcomuna`
  ADD CONSTRAINT `tcomuna_ibfk_1` FOREIGN KEY (`idregion`) REFERENCES `tregion` (`idregion`);

--
-- Filtros para la tabla `tdireccion`
--
ALTER TABLE `tdireccion`
  ADD CONSTRAINT `tdireccion_ibfk_1` FOREIGN KEY (`idcomuna`) REFERENCES `tcomuna` (`idcomuna`);

--
-- Filtros para la tabla `tdisponibilidad`
--
ALTER TABLE `tdisponibilidad`
  ADD CONSTRAINT `tdisponibilidad_ibfk_1` FOREIGN KEY (`idfechahora`) REFERENCES `tfechahora` (`idfechahora`) ON UPDATE CASCADE,
  ADD CONSTRAINT `tdisponibilidad_ibfk_2` FOREIGN KEY (`idtrabaja`) REFERENCES `tcentromedicodoctor` (`idtrabaja`) ON UPDATE CASCADE,
  ADD CONSTRAINT `tdisponibilidad_ibfk_3` FOREIGN KEY (`idstatus`) REFERENCES `tstatus` (`idstatus`) ON UPDATE CASCADE;

--
-- Filtros para la tabla `tdoctor`
--
ALTER TABLE `tdoctor`
  ADD CONSTRAINT `tdoctor_ibfk_1` FOREIGN KEY (`idespecialidad`) REFERENCES `tespecialidad` (`idespecialidad`),
  ADD CONSTRAINT `tdoctor_ibfk_2` FOREIGN KEY (`rut`) REFERENCES `tpersona` (`rut`);

--
-- Filtros para la tabla `tfechahora`
--
ALTER TABLE `tfechahora`
  ADD CONSTRAINT `tfechahora_ibfk_1` FOREIGN KEY (`idfecha`) REFERENCES `tfecha` (`idfecha`),
  ADD CONSTRAINT `tfechahora_ibfk_2` FOREIGN KEY (`idhora`) REFERENCES `thora` (`idhora`);

--
-- Filtros para la tabla `tpaciente`
--
ALTER TABLE `tpaciente`
  ADD CONSTRAINT `tpaciente_ibfk_1` FOREIGN KEY (`rut`) REFERENCES `tpersona` (`rut`),
  ADD CONSTRAINT `tpaciente_ibfk_2` FOREIGN KEY (`prevision`) REFERENCES `tprevision` (`prevision`),
  ADD CONSTRAINT `tpaciente_ibfk_3` FOREIGN KEY (`iddireccion`) REFERENCES `tdireccion` (`iddireccion`);

--
-- Filtros para la tabla `tpersona`
--
ALTER TABLE `tpersona`
  ADD CONSTRAINT `tpersona_ibfk_1` FOREIGN KEY (`sexo`) REFERENCES `tgenero` (`sexo`);

--
-- Filtros para la tabla `treserva`
--
ALTER TABLE `treserva`
  ADD CONSTRAINT `treserva_ibfk_1` FOREIGN KEY (`rut`) REFERENCES `tpaciente` (`rut`);
COMMIT;

/*!40101 SET CHARACTER_SET_CLIENT=@OLD_CHARACTER_SET_CLIENT */;
/*!40101 SET CHARACTER_SET_RESULTS=@OLD_CHARACTER_SET_RESULTS */;
/*!40101 SET COLLATION_CONNECTION=@OLD_COLLATION_CONNECTION */;
